code,name,time_key,open,close,high,low,pe_ratio,turnover_rate,volume,turnover,change_rate,last_close
US.QQWZ,Pacer Cash COWZ 100-Nasdaq 100 Rotator ETF,2025-05-07 00:00:00,19.836445646,19.836445646,19.836445646,19.836445646,0.0,0.0,0,0.0,0.0,19.836445646
US.QQWZ,Pacer Cash COWZ 100-Nasdaq 100 Rotator ETF,2025-05-08 00:00:00,20.022884399,20.022884399,20.022884399,20.022884399,0.0,0.00032,16,324.0,0.9398798369787206,19.836445646
US.QQWZ,Pacer Cash COWZ 100-Nasdaq 100 Rotator ETF,2025-05-09 00:00:00,20.147542273,20.014514087,20.147542273,20.014514087,0.0,0.05202,2601,52349.0,-0.04180372734119319,20.022884399
US.QQWZ,Pacer Cash COWZ 100-Nasdaq 100 Rotator ETF,2025-05-12 00:00:00,20.856029466,20.818163765,20.856029466,20.666700961,0.0,0.046,2300,47859.0,4.0153344443270615,20.014514087
US.QQWZ,Pacer Cash COWZ 100-Nasdaq 100 Rotator ETF,2025-05-13 00:00:00,21.125075235,21.165133161,21.184863184,21.125075235,0.0,0.01916,958,20349.0,1.6666666662663687,20.818163765
US.QQWZ,Pacer Cash COWZ 100-Nasdaq 100 Rotator ETF,2025-05-14 00:00:00,21.173403827,21.270758537,21.270758537,21.173403827,0.0,0.014,700,14890.0,0.49905368039275994,21.165133161
US.QQWZ,Pacer Cash COWZ 100-Nasdaq 100 Rotator ETF,2025-05-15 00:00:00,21.2047925,21.279328143,21.394121005,21.2047925,0.0,0.17216,8608,183909.0,0.04028820121809549,21.270758537
US.QQWZ,Pacer Cash COWZ 100-Nasdaq 100 Rotator ETF,2025-05-16 00:00:00,21.346390292,21.400697679,21.400697679,21.346390292,0.0,0.00658,329,7047.0,0.5703635715581791,21.279328143
US.QQWZ,Pacer Cash COWZ 100-Nasdaq 100 Rotator ETF,2025-05-19 00:00:00,21.135039893,21.405082129,21.405082129,21.135039893,0.0,0.01496,748,15991.0,0.02048741618504443,21.400697679
US.QQWZ,Pacer Cash COWZ 100-Nasdaq 100 Rotator ETF,2025-05-20 00:00:00,21.344297714,21.330048253,21.344297714,21.264580449,0.0,0.0319,1595,34081.0,-0.35054234105620097,21.405082129
US.QQWZ,Pacer Cash COWZ 100-Nasdaq 100 Rotator ETF,2025-05-21 00:00:00,21.244651133,21.074853358,21.394818531,21.074853358,0.0,0.10174,5087,108644.0,-1.196410303310543,21.330048253
US.QQWZ,Pacer Cash COWZ 100-Nasdaq 100 Rotator ETF,2025-05-22 00:00:00,21.174898526,21.092391156,21.254615791,21.092391156,0.0,0.0842,4210,89614.0,0.08321670239923898,21.074853358
US.QQWZ,Pacer Cash COWZ 100-Nasdaq 100 Rotator ETF,2025-05-23 00:00:00,20.856029466,20.906550282,20.906550282,20.856029466,0.0,0.00462,231,4835.0,-0.8810801612084428,21.092391156
US.QQWZ,Pacer Cash COWZ 100-Nasdaq 100 Rotator ETF,2025-05-27 00:00:00,21.404085663,21.372198757,21.404085663,21.372198757,0.0,0.00868,434,9310.0,2.2272850791692287,20.906550282
US.QQWZ,Pacer Cash COWZ 100-Nasdaq 100 Rotator ETF,2025-05-28 00:00:00,21.438961966,21.295271596,21.438961966,21.295271596,0.0,0.57782,28891,620243.0,-0.35994032188571423,21.372198757
US.QQWZ,Pacer Cash COWZ 100-Nasdaq 100 Rotator ETF,2025-05-29 00:00:00,21.404085663,21.324069458,21.493767586,21.324069458,0.0,0.57974,28987,621488.0,0.13523125014010326,21.295271596
US.QQWZ,Pacer Cash COWZ 100-Nasdaq 100 Rotator ETF,2025-05-30 00:00:00,21.264580449,21.323371932,21.323371932,21.264580449,0.0,0.00834,834,17797.0,-0.0032710735695809716,21.324069458
US.QQWZ,Pacer Cash COWZ 100-Nasdaq 100 Rotator ETF,2025-06-02 00:00:00,21.254615791,21.45022203,21.45022203,21.254615791,0.0,0.47784,47784,1019234.0,0.5948876116053411,21.323371932
US.QQWZ,Pacer Cash COWZ 100-Nasdaq 100 Rotator ETF,2025-06-03 00:00:00,21.533626218,21.642440285,21.642440285,21.533626218,0.0,0.01016,1016,21963.0,0.8961131252215772,21.45022203
US.QQWZ,Pacer Cash COWZ 100-Nasdaq 100 Rotator ETF,2025-06-04 00:00:00,21.714684057,21.708505969,21.732919381,21.663166774,0.0,0.3279,32790,713772.0,0.3052598650152707,21.642440285
US.QQWZ,Pacer Cash COWZ 100-Nasdaq 100 Rotator ETF,2025-06-05 00:00:00,21.646685356,21.509450154,21.844415668,21.467292936,0.0,0.07281,10921,237892.0,-0.9169484776347818,21.708505969
US.QQWZ,Pacer Cash COWZ 100-Nasdaq 100 Rotator ETF,2025-06-06 00:00:00,21.72641532,21.754719458,21.796179039,21.72641532,0.0,0.05426,8139,177850.0,1.1402862567102359,21.509450154
US.QQWZ,Pacer Cash COWZ 100-Nasdaq 100 Rotator ETF,2025-06-09 00:00:00,21.786212794,21.774352961,21.855976513,21.774352961,0.0,0.06174,9261,202718.0,0.09024939640295608,21.754719458
US.QQWZ,Pacer Cash COWZ 100-Nasdaq 100 Rotator ETF,2025-06-10 00:00:00,21.811128408,21.905110103,21.905110103,21.72641532,0.0,0.00855,1282,28031.0,0.600509885341693,21.774352961
US.QQWZ,Pacer Cash COWZ 100-Nasdaq 100 Rotator ETF,2025-06-11 00:00:00,21.826077776,21.826077776,21.826077776,21.826077776,0.0,0.00279,419,9221.0,-0.36079401851156556,21.905110103
US.QQWZ,Pacer Cash COWZ 100-Nasdaq 100 Rotator ETF,2025-06-12 00:00:00,21.796179039,21.90580774,21.935706477,21.796179039,0.0,0.04347,6521,143318.0,0.3652968014604514,21.826077776
US.QQWZ,Pacer Cash COWZ 100-Nasdaq 100 Rotator ETF,2025-06-13 00:00:00,21.666617847,21.586190245,21.826077776,21.586190245,0.0,0.01051,1577,34312.0,-1.4590536847284465,21.90580774
US.QQWZ,Pacer Cash COWZ 100-Nasdaq 100 Rotator ETF,2025-06-16 00:00:00,21.846010267,21.885875249,21.935706477,21.846010267,0.0,0.01767,2651,58207.0,1.3883181821276518,21.586190245
US.QQWZ,Pacer Cash COWZ 100-Nasdaq 100 Rotator ETF,2025-06-17 00:00:00,21.832954485,21.666617847,21.846010267,21.666617847,0.0,0.01339,2008,43988.0,-1.001821492197432,21.885875249
US.QQWZ,Pacer Cash COWZ 100-Nasdaq 100 Rotator ETF,2025-06-18 00:00:00,21.832057523,21.716449075,21.832057523,21.716449075,0.0,0.282,49350,1077805.0,0.2299908012957285,21.666617847
US.QQWZ,Pacer Cash COWZ 100-Nasdaq 100 Rotator ETF,2025-06-20 00:00:00,21.576921637,21.576921637,21.576921637,21.576921637,0.0,0.00024,42,913.0,-0.6424965587980144,21.716449075
US.QQWZ,Pacer Cash COWZ 100-Nasdaq 100 Rotator ETF,2025-06-23 00:00:00,21.696516584,21.81611153,21.826077776,21.626752865,0.0,0.03039,5319,116102.0,1.1085450326233621,21.576921637
US.QQWZ,Pacer Cash COWZ 100-Nasdaq 100 Rotator ETF,2025-06-24 00:00:00,22.204795107,22.166225737,22.204795107,22.166225737,0.0,0.00408,510,11349.0,1.6048423960362872,21.81611153
US.QQWZ,Pacer Cash COWZ 100-Nasdaq 100 Rotator ETF,2025-06-25 00:00:00,22.294491317,22.203599158,22.294491317,22.184862616,0.0,0.09448,11810,263703.0,0.16860525307027857,22.166225737
US.QQWZ,Pacer Cash COWZ 100-Nasdaq 100 Rotator ETF,2025-06-26 00:00:00,22.374221282,22.434018755,22.443985001,22.364255036,0.0,0.04234,5292,118892.0,1.0377578669131229,22.203599158
US.QQWZ,Pacer Cash COWZ 100-Nasdaq 100 Rotator ETF,2025-06-27 00:00:00,22.553613702,22.51374872,22.553613702,22.51374872,0.0,0.00774,967,21872.0,0.355397603392966,22.434018755
US.QQWZ,Pacer Cash COWZ 100-Nasdaq 100 Rotator ETF,2025-06-30 00:00:00,22.643309912,22.653276157,22.653276157,22.563579947,0.0,0.01004,1255,28451.0,0.6197432454953762,22.51374872
US.QQWZ,Pacer Cash COWZ 100-Nasdaq 100 Rotator ETF,2025-07-01 00:00:00,22.553613702,22.483849983,22.553613702,22.463917492,0.0,0.01969,2461,55583.0,-0.7479102485034946,22.653276157
US.QQWZ,Pacer Cash COWZ 100-Nasdaq 100 Rotator ETF,2025-07-02 00:00:00,22.493816228,22.643309912,22.643309912,22.47806956,0.0,0.00288,360,8132.0,0.7092198583452918,22.483849983
US.QQWZ,Pacer Cash COWZ 100-Nasdaq 100 Rotator ETF,2025-07-03 00:00:00,22.737989245,22.847418621,22.847418621,22.737989245,0.0,0.00432,540,12357.0,0.9014084504131208,22.643309912
US.QQWZ,Pacer Cash COWZ 100-Nasdaq 100 Rotator ETF,2025-07-07 00:00:00,22.713073631,22.69314114,22.713073631,22.623377421,0.0,0.17795,22244,506909.0,-0.675251255116387,22.847418621
US.QQWZ,Pacer Cash COWZ 100-Nasdaq 100 Rotator ETF,2025-07-08 00:00:00,22.683174894,22.703107385,22.733006122,22.683174894,0.0,0.09568,11960,272421.0,0.04391743275429847,22.69314114
US.QQWZ,Pacer Cash COWZ 100-Nasdaq 100 Rotator ETF,2025-07-09 00:00:00,22.759815322,22.852601069,22.852601069,22.759815322,0.0,0.00671,1006,22996.0,0.6584723468240752,22.703107385
US.QQWZ,Pacer Cash COWZ 100-Nasdaq 100 Rotator ETF,2025-07-10 00:00:00,22.822602669,22.79788638,22.842634823,22.79788638,0.0,0.03334,5001,114520.0,-0.23942433876474023,22.852601069
US.QQWZ,Pacer Cash COWZ 100-Nasdaq 100 Rotator ETF,2025-07-11 00:00:00,22.737989245,22.769183593,22.832668577,22.721544939,0.0,0.00596,894,20434.0,-0.12590108802884684,22.79788638
US.QQWZ,Pacer Cash COWZ 100-Nasdaq 100 Rotator ETF,2025-07-14 00:00:00,22.762904859,22.829280054,22.862567314,22.752938613,0.0,0.48408,72612,1663029.0,0.26393770665750255,22.769183593
US.QQWZ,Pacer Cash COWZ 100-Nasdaq 100 Rotator ETF,2025-07-15 00:00:00,22.96222977,22.881303856,22.96222977,22.881303856,0.0,0.01627,2441,56126.0,0.22788192127364942,22.829280054
US.QQWZ,Pacer Cash COWZ 100-Nasdaq 100 Rotator ETF,2025-07-16 00:00:00,22.812337437,22.889476177,22.889476177,22.772871104,0.0,0.01303,2280,52174.0,0.03571615084276333,22.881303856
US.QQWZ,Pacer Cash COWZ 100-Nasdaq 100 Rotator ETF,2025-07-17 00:00:00,22.922364788,23.055812816,23.055812816,22.922364788,0.0,0.13291,23260,537077.0,0.7266948256646456,22.889476177
US.QQWZ,Pacer Cash COWZ 100-Nasdaq 100 Rotator ETF,2025-07-18 00:00:00,23.2313184,23.024219817,23.2313184,22.992128506,0.0,0.57974,115948,2678469.0,-0.13702834617947734,23.055812816
US.QQWZ,Pacer Cash COWZ 100-Nasdaq 100 Rotator ETF,2025-07-21 00:00:00,23.198529452,23.144612063,23.208495698,23.144612063,0.0,0.00459,918,21367.0,0.5228939219521765,23.024219817
US.QQWZ,Pacer Cash COWZ 100-Nasdaq 100 Rotator ETF,2025-07-22 00:00:00,23.14162219,23.052822942,23.14162219,23.024419142,0.0,0.00575,1868,43221.0,-0.3965895853002419,23.144612063
US.QQWZ,Pacer Cash COWZ 100-Nasdaq 100 Rotator ETF,2025-07-23 00:00:00,23.081824716,23.116905901,23.116905901,23.061892225,0.0,0.00423,1376,31859.0,0.2779831310084257,23.052822942
US.QQWZ,Pacer Cash COWZ 100-Nasdaq 100 Rotator ETF,2025-07-24 00:00:00,23.161654343,23.200522701,23.200522701,23.161654343,0.0,0.00107,348,8092.0,0.36171276708957995,23.116905901
US.QQWZ,Pacer Cash COWZ 100-Nasdaq 100 Rotator ETF,2025-07-25 00:00:00,23.242580257,23.242580257,23.242580257,23.242580257,0.0,4e-05,14,326.0,0.18127848472218613,23.200522701
US.QQWZ,Pacer Cash COWZ 100-Nasdaq 100 Rotator ETF,2025-07-28 00:00:00,23.330980855,23.315433512,23.330980855,23.287129375,0.0,0.13721,44592,1043849.0,0.313447363392698,23.242580257
US.QQWZ,Pacer Cash COWZ 100-Nasdaq 100 Rotator ETF,2025-07-29 00:00:00,23.32101461,23.267495871,23.32101461,23.241284645,0.0,0.00879,2857,66942.0,-0.205604759505435,23.315433512
US.QQWZ,Pacer Cash COWZ 100-Nasdaq 100 Rotator ETF,2025-07-30 00:00:00,23.370746175,23.306463891,23.370746175,23.236301523,0.0,0.01616,6060,141539.0,0.16747835786044935,23.267495871
US.QQWZ,Pacer Cash COWZ 100-Nasdaq 100 Rotator ETF,2025-07-31 00:00:00,23.440609557,23.185274345,23.440609557,23.185274345,0.0,0.00272,1020,23886.0,-0.5199825531954615,23.306463891
US.QQWZ,Pacer Cash COWZ 100-Nasdaq 100 Rotator ETF,2025-08-01 00:00:00,22.96222977,22.760811947,22.96222977,22.742972367,0.0,0.04275,17098,393432.0,-1.8307413217714907,23.185274345
US.QQWZ,Pacer Cash COWZ 100-Nasdaq 100 Rotator ETF,2025-08-04 00:00:00,23.081824716,23.149595186,23.151588435,23.041959734,0.0,0.01935,7738,179370.0,1.7081255269157583,22.760811947
US.QQWZ,Pacer Cash COWZ 100-Nasdaq 100 Rotator ETF,2025-08-05 00:00:00,23.221352154,22.980667324,23.230321775,22.980667324,0.0,0.04804,19217,447137.0,-0.7297227473859306,23.149595186
US.QQWZ,Pacer Cash COWZ 100-Nasdaq 100 Rotator ETF,2025-08-06 00:00:00,23.101757208,23.276166505,23.276166505,23.052922604,0.0,0.00263,1051,24324.0,1.2858598788007949,22.980667324
US.QQWZ,Pacer Cash COWZ 100-Nasdaq 100 Rotator ETF,2025-08-07 00:00:00,23.480474539,23.335465666,23.514858086,23.32101461,0.0,0.0058,2318,54608.0,0.25476343360606146,23.276166505
US.QQWZ,Pacer Cash COWZ 100-Nasdaq 100 Rotator ETF,2025-08-08 00:00:00,23.530305767,23.573758597,23.573758597,23.524226357,0.0,0.00389,1554,36706.0,1.0211620989727892,23.335465666
US.QQWZ,Pacer Cash COWZ 100-Nasdaq 100 Rotator ETF,2025-08-11 00:00:00,23.639934468,23.477385003,23.639934468,23.477385003,0.0,0.00337,1347,31822.0,-0.40881726010491726,23.573758597
US.QQWZ,Pacer Cash COWZ 100-Nasdaq 100 Rotator ETF,2025-08-12 00:00:00,23.550238258,23.799394397,23.809360642,23.550238258,0.0,0.01011,4044,95839.0,1.3715726600677836,23.477385003
US.QQWZ,Pacer Cash COWZ 100-Nasdaq 100 Rotator ETF,2025-08-13 00:00:00,23.884107484,23.819326888,23.909023098,23.799394397,0.0,0.00315,1259,30112.0,0.08375209329911051,23.799394397
US.QQWZ,Pacer Cash COWZ 100-Nasdaq 100 Rotator ETF,2025-08-14 00:00:00,23.759529415,23.813446803,23.819326888,23.759529415,0.0,0.00334,1335,31844.0,-0.024686192971136965,23.819326888
US.QQWZ,Pacer Cash COWZ 100-Nasdaq 100 Rotator ETF,2025-08-15 00:00:00,23.76949566,23.67979945,23.76949566,23.67979945,0.0,0.0008,320,7623.0,-0.5612264117228247,23.813446803
US.QQWZ,Pacer Cash COWZ 100-Nasdaq 100 Rotator ETF,2025-08-18 00:00:00,23.649900713,23.684782573,23.684782573,23.649900713,0.0,0.16335,65338,1551123.0,0.021043771973325614,23.67979945
US.QQWZ,Pacer Cash COWZ 100-Nasdaq 100 Rotator ETF,2025-08-19 00:00:00,23.67979945,23.342741025,23.67979945,23.335963978,0.0,0.00288,1151,27137.0,-1.4441405444435826,23.684782573
US.QQWZ,Pacer Cash COWZ 100-Nasdaq 100 Rotator ETF,2025-08-20 00:00:00,23.031993489,23.21995688,23.21995688,22.992128506,0.0,0.00575,2731,63099.0,-0.5260056857439994,23.342741025
US.QQWZ,Pacer Cash COWZ 100-Nasdaq 100 Rotator ETF,2025-08-21 00:00:00,23.191453418,23.108035942,23.191453418,23.091790962,0.0,0.00048,229,5317.0,-0.48200321205764785,23.21995688
US.QQWZ,Pacer Cash COWZ 100-Nasdaq 100 Rotator ETF,2025-08-22 00:00:00,23.211385909,23.465126521,23.540272012,23.211385909,0.0,0.01355,6438,151535.0,1.5453090859659249,23.108035942
US.QQWZ,Pacer Cash COWZ 100-Nasdaq 100 Rotator ETF,2025-08-25 00:00:00,23.470508293,23.412903394,23.520339521,23.412903394,0.0,0.00105,498,11720.0,-0.22255634101636285,23.465126521
US.QQWZ,Pacer Cash COWZ 100-Nasdaq 100 Rotator ETF,2025-08-26 00:00:00,23.430643311,23.496420532,23.496420532,23.408318921,0.0,0.00226,1074,25225.0,0.35671414430984477,23.412903394
US.QQWZ,Pacer Cash COWZ 100-Nasdaq 100 Rotator ETF,2025-08-27 00:00:00,23.420677066,23.549839608,23.550238258,23.420677066,0.0,0.00133,630,14826.0,0.22734984644681897,23.496420532
US.QQWZ,Pacer Cash COWZ 100-Nasdaq 100 Rotator ETF,2025-08-28 00:00:00,23.620001977,23.683885611,23.699731941,23.620001977,0.0,0.00299,1418,33637.0,0.5692013416281,23.549839608
US.QQWZ,Pacer Cash COWZ 100-Nasdaq 100 Rotator ETF,2025-08-29 00:00:00,23.379416809,23.379416809,23.379416809,23.379416809,0.0,0.00016,77,1812.0,-1.2855525778193744,23.683885611
US.QQWZ,Pacer Cash COWZ 100-Nasdaq 100 Rotator ETF,2025-09-02 00:00:00,22.972196015,23.208794685,23.208794685,22.972196015,0.0,0.00216,1025,23729.0,-0.7297963220978035,23.379416809
US.QQWZ,Pacer Cash COWZ 100-Nasdaq 100 Rotator ETF,2025-09-03 00:00:00,23.350913347,23.373636386,23.373636386,23.350913347,0.0,0.00047,222,5190.0,0.7102553287980033,23.208794685
US.QQWZ,Pacer Cash COWZ 100-Nasdaq 100 Rotator ETF,2025-09-04 00:00:00,23.616772075,23.616772075,23.616772075,23.616772075,0.0,0.00014,66,1552.0,1.0402133625456276,23.373636386
US.QQWZ,Pacer Cash COWZ 100-Nasdaq 100 Rotator ETF,2025-09-05 00:00:00,23.808094239,23.609294658,23.808094239,23.528438861,0.0,0.00289,1374,32660.0,-0.03166146912988102,23.616772075
US.QQWZ,Pacer Cash COWZ 100-Nasdaq 100 Rotator ETF,2025-09-08 00:00:00,23.788154462,23.733718869,23.788154462,23.728335129,0.0,0.00075,358,8534.0,0.5270136732265307,23.609294658
US.QQWZ,Pacer Cash COWZ 100-Nasdaq 100 Rotator ETF,2025-09-09 00:00:00,23.758244795,23.82863221,23.82863221,23.728335129,0.0,0.00248,1177,28023.0,0.39990926632222773,23.733718869
US.QQWZ,Pacer Cash COWZ 100-Nasdaq 100 Rotator ETF,2025-09-10 00:00:00,23.917763015,23.831822574,23.917763015,23.831822574,0.0,0.0007,332,7967.0,0.013388783593977518,23.82863221
US.QQWZ,Pacer Cash COWZ 100-Nasdaq 100 Rotator ETF,2025-09-11 00:00:00,23.980673013,23.980673013,23.980673013,23.980673013,0.0,0.00022,105,2522.0,0.6245868881316399,23.831822574
US.QQWZ,Pacer Cash COWZ 100-Nasdaq 100 Rotator ETF,2025-09-12 00:00:00,24.047371568,24.077580331,24.077580331,23.459148134,0.0,0.24022,114103,2752788.0,0.40410591457323053,23.980673013
US.QQWZ,Pacer Cash COWZ 100-Nasdaq 100 Rotator ETF,2025-09-15 00:00:00,24.26401725,24.26401725,24.26401725,24.26401725,0.0,0.0002,93,2258.0,0.7743175038230895,24.077580331
US.QQWZ,Pacer Cash COWZ 100-Nasdaq 100 Rotator ETF,2025-09-16 00:00:00,24.257835919,24.257835919,24.257835919,24.257835919,0.0,0.00011,38,928.0,-0.0254752992314039,24.26401725
US.QQWZ,Pacer Cash COWZ 100-Nasdaq 100 Rotator ETF,2025-09-17 00:00:00,24.13680147,24.18515543,24.18515543,24.13680147,0.0,0.006,2099,50818.0,-0.2996165414041575,24.257835919
US.QQWZ,Pacer Cash COWZ 100-Nasdaq 100 Rotator ETF,2025-09-18 00:00:00,24.525926226,24.435599034,24.525926226,24.435599034,0.0,0.30909,108182,2661274.0,1.0355261297570286,24.18515543
US.QQWZ,Pacer Cash COWZ 100-Nasdaq 100 Rotator ETF,2025-09-19 00:00:00,24.525926226,24.607878711,24.607878711,24.525926226,0.0,0.00249,873,21483.0,0.7050356193858405,24.435599034
US.QQWZ,Pacer Cash COWZ 100-Nasdaq 100 Rotator ETF,2025-09-22 00:00:00,24.765203555,24.755333365,24.765203555,24.755333365,0.0,0.00108,377,9341.0,0.5992172496123491,24.607878711
US.QQWZ,Pacer Cash COWZ 100-Nasdaq 100 Rotator ETF,2025-09-23 00:00:00,24.705384223,24.560122944,24.705384223,24.555835892,0.0,0.23866,113364,2792432.0,-0.7885590475464751,24.755333365
US.QQWZ,Pacer Cash COWZ 100-Nasdaq 100 Rotator ETF,2025-09-24 00:00:00,24.483554199,24.483554199,24.483554199,24.483554199,0.0,8e-05,40,984.0,-0.31176043041227963,24.560122944
US.QQWZ,Pacer Cash COWZ 100-Nasdaq 100 Rotator ETF,2025-09-25 00:00:00,24.326528452,24.37418452,24.37418452,24.326528452,0.0,0.00146,511,12474.0,-0.4467067081480651,24.483554199
US.QQWZ,Pacer Cash COWZ 100-Nasdaq 100 Rotator ETF,2025-09-26 00:00:00,24.456137005,24.488339746,24.515956337,24.446167116,0.0,0.00667,2335,57340.0,0.4683448010592199,24.37418452
US.QQWZ,Pacer Cash COWZ 100-Nasdaq 100 Rotator ETF,2025-09-29 00:00:00,24.695414334,24.596911834,24.695414334,24.564609394,0.0,0.00258,902,22316.0,0.4433623884923985,24.488339746
US.QQWZ,Pacer Cash COWZ 100-Nasdaq 100 Rotator ETF,2025-09-30 00:00:00,24.505986449,24.665504668,24.665504668,24.505986449,0.0,0.00489,1711,42144.0,0.2788676662457495,24.596911834
US.QQWZ,Pacer Cash COWZ 100-Nasdaq 100 Rotator ETF,2025-10-01 00:00:00,24.651546824,24.789230987,24.80508311,24.651546824,0.0,0.01323,4631,114632.0,0.5016168153271832,24.665504668
US.QQWZ,Pacer Cash COWZ 100-Nasdaq 100 Rotator ETF,2025-10-02 00:00:00,24.815052999,24.87228016,25.104179771,24.815052999,0.0,0.04182,14637,364867.0,0.3350211752980635,24.789230987
US.QQWZ,Pacer Cash COWZ 100-Nasdaq 100 Rotator ETF,2025-10-03 00:00:00,24.835391572,24.761714094,24.904781997,24.761714094,0.0,0.03535,12371,308568.0,-0.44453530311151224,24.87228016
US.QQWZ,Pacer Cash COWZ 100-Nasdaq 100 Rotator ETF,2025-10-06 00:00:00,25.004480884,24.962806749,25.004480884,24.914751886,0.0,0.00154,539,13498.0,0.8121112061815089,24.761714094
US.QQWZ,Pacer Cash COWZ 100-Nasdaq 100 Rotator ETF,2025-10-07 00:00:00,24.815052999,24.81136414,24.815052999,24.81136414,0.0,0.00086,302,7530.0,-0.6066730016490105,24.962806749
US.QQWZ,Pacer Cash COWZ 100-Nasdaq 100 Rotator ETF,2025-10-08 00:00:00,25.110759898,25.110759898,25.110759898,25.110759898,0.0,0.00051,179,4497.0,1.2066880172756307,24.81136414
US.QQWZ,Pacer Cash COWZ 100-Nasdaq 100 Rotator ETF,2025-10-09 00:00:00,24.989526051,25.061807744,25.061807744,24.989526051,0.0,0.00669,2340,58784.0,-0.19494493276525998,25.110759898
US.QQWZ,Pacer Cash COWZ 100-Nasdaq 100 Rotator ETF,2025-10-10 00:00:00,25.173869293,24.206790088,25.173968992,24.206790088,0.0,0.01868,6539,164037.0,-3.411636003012176,25.061807744
US.QQWZ,Pacer Cash COWZ 100-Nasdaq 100 Rotator ETF,2025-10-13 00:00:00,24.696411323,24.72622129,24.72622129,24.685444445,0.0,0.00398,1394,34521.0,2.1458078502423863,24.206790088
US.QQWZ,Pacer Cash COWZ 100-Nasdaq 100 Rotator ETF,2025-10-14 00:00:00,24.466106894,24.564908491,24.715354112,24.466106894,0.0,0.00454,1701,42095.0,-0.6523956778840304,24.72622129
US.QQWZ,Pacer Cash COWZ 100-Nasdaq 100 Rotator ETF,2025-10-15 00:00:00,24.635595002,24.711366156,24.785143333,24.49601656,0.0,0.00456,1711,42376.0,0.5962068413715378,24.564908491
US.QQWZ,Pacer Cash COWZ 100-Nasdaq 100 Rotator ETF,2025-10-16 00:00:00,24.954631441,24.623132641,24.954631441,24.623132641,0.0,0.0091,3414,85170.0,-0.3570564024788872,24.711366156
US.QQWZ,Pacer Cash COWZ 100-Nasdaq 100 Rotator ETF,2025-10-17 00:00:00,24.715354112,24.675474557,24.715354112,24.675474557,0.0,0.00102,381,9433.0,0.21257212379567425,24.623132641
US.QQWZ,Pacer Cash COWZ 100-Nasdaq 100 Rotator ETF,2025-10-20 00:00:00,25.124119549,25.122723764,25.173968992,25.122723764,0.0,0.01122,4207,106067.0,1.8125252503932976,24.675474557
US.QQWZ,Pacer Cash COWZ 100-Nasdaq 100 Rotator ETF,2025-10-21 00:00:00,25.124119549,25.121926173,25.154029215,24.984541107,0.0,0.01369,5133,129391.0,-0.0031747791660402653,25.122723764
US.QQWZ,Pacer Cash COWZ 100-Nasdaq 100 Rotator ETF,2025-10-22 00:00:00,25.11414966,24.846557847,25.11414966,24.846557847,0.0,0.00161,605,15122.0,-1.0961274390494518,25.121926173
US.QQWZ,Pacer Cash COWZ 100-Nasdaq 100 Rotator ETF,2025-10-23 00:00:00,24.924721775,25.076762577,25.11414966,24.924721775,0.0,0.00577,2164,54384.0,0.926505520070643,24.846557847
US.QQWZ,Pacer Cash COWZ 100-Nasdaq 100 Rotator ETF,2025-10-24 00:00:00,25.33717607,25.342260714,25.393306544,25.313547434,0.0,0.00922,3456,87830.0,1.0587416784154928,25.076762577
US.QQWZ,Pacer Cash COWZ 100-Nasdaq 100 Rotator ETF,2025-10-27 00:00:00,25.709551414,25.796488843,25.796488843,25.709551414,0.0,0.00134,501,12909.0,1.7923741458040803,25.342260714
US.QQWZ,Pacer Cash COWZ 100-Nasdaq 100 Rotator ETF,2025-10-28 00:00:00,26.031379421,25.997282402,26.04134931,25.997282402,0.0,0.00145,543,14171.0,0.7783755387101344,25.796488843
US.QQWZ,Pacer Cash COWZ 100-Nasdaq 100 Rotator ETF,2025-10-29 00:00:00,26.083621638,26.083621638,26.083621638,26.083621638,0.0,0.00037,137,3574.0,0.3321086976127875,25.997282402
US.QQWZ,Pacer Cash COWZ 100-Nasdaq 100 Rotator ETF,2025-10-30 00:00:00,25.715134551,25.715134551,25.715134551,25.715134551,0.0,0.00063,235,6114.0,-1.4127144309713893,26.083621638
US.QQWZ,Pacer Cash COWZ 100-Nasdaq 100 Rotator ETF,2025-10-31 00:00:00,26.011439644,25.863685893,26.011439644,25.65252365,0.0,0.02135,8008,207601.0,0.5776805939140003,25.715134551
US.QQWZ,Pacer Cash COWZ 100-Nasdaq 100 Rotator ETF,2025-11-03 00:00:00,25.921710646,25.939656445,25.939656445,25.921710646,0.0,0.0025,936,24361.0,0.2937344364383985,25.863685893
US.QQWZ,Pacer Cash COWZ 100-Nasdaq 100 Rotator ETF,2025-11-04 00:00:00,25.522915097,25.412847526,25.522915097,25.412847526,0.0,0.00614,2301,58863.0,-2.030901681820638,25.939656445
US.QQWZ,Pacer Cash COWZ 100-Nasdaq 100 Rotator ETF,2025-11-05 00:00:00,25.333487212,25.593302511,25.593302511,25.333487212,0.0,0.0107,4013,102272.0,0.710093525786028,25.412847526
US.QQWZ,Pacer Cash COWZ 100-Nasdaq 100 Rotator ETF,2025-11-06 00:00:00,25.323517323,25.098297537,25.353426989,25.098297537,0.0,0.00255,958,24293.0,-1.934119185233118,25.593302511
US.QQWZ,Pacer Cash COWZ 100-Nasdaq 100 Rotator ETF,2025-11-07 00:00:00,24.874872331,25.027810424,25.027810424,24.725324,0.0,0.00533,1998,49761.0,-0.2808442002733048,25.098297537
US.QQWZ,Pacer Cash COWZ 100-Nasdaq 100 Rotator ETF,2025-11-10 00:00:00,25.488020487,25.590810039,25.590810039,25.38293786,0.0,0.03813,14299,365718.0,2.2494960824064876,25.027810424
US.QQWZ,Pacer Cash COWZ 100-Nasdaq 100 Rotator ETF,2025-11-11 00:00:00,25.499186762,25.499186762,25.499186762,25.499186762,0.0,0.0006,226,5766.0,-0.3580319531127291,25.590810039
US.QQWZ,Pacer Cash COWZ 100-Nasdaq 100 Rotator ETF,2025-11-12 00:00:00,25.413246321,25.476156319,25.50297532,25.413246321,0.0,0.0098,3675,93936.0,-0.09031834314936132,25.499186762
US.QQWZ,Pacer Cash COWZ 100-Nasdaq 100 Rotator ETF,2025-11-13 00:00:00,25.363396878,24.961410965,25.363396878,24.91973683,0.0,0.02123,7960,200562.0,-2.020498491038491,25.476156319
US.QQWZ,Pacer Cash COWZ 100-Nasdaq 100 Rotator ETF,2025-11-14 00:00:00,24.615655224,24.971281155,25.163999104,24.615655224,0.0,0.01826,6846,171935.0,0.03954179518874361,24.961410965
US.QQWZ,Pacer Cash COWZ 100-Nasdaq 100 Rotator ETF,2025-11-17 00:00:00,24.914751886,24.758922525,24.964601329,24.545866004,0.0,0.00625,2342,58441.0,-0.8504114333656448,24.971281155
US.QQWZ,Pacer Cash COWZ 100-Nasdaq 100 Rotator ETF,2025-11-18 00:00:00,24.595715447,24.496614753,24.595715447,24.396317673,0.0,0.0023,861,21154.0,-1.0594474445935114,24.758922525
US.QQWZ,Pacer Cash COWZ 100-Nasdaq 100 Rotator ETF,2025-11-19 00:00:00,24.745263778,24.614060042,24.745263778,24.486046671,0.0,0.00407,1526,37617.0,0.4794347716376444,24.496614753
US.QQWZ,Pacer Cash COWZ 100-Nasdaq 100 Rotator ETF,2025-11-20 00:00:00,24.466106894,24.046873074,24.466106894,24.046873074,0.0,0.00415,1557,38348.0,-2.304321054845008,24.614060042
US.QQWZ,Pacer Cash COWZ 100-Nasdaq 100 Rotator ETF,2025-11-21 00:00:00,24.336498341,24.211575635,24.336498341,24.211575635,0.0,0.00425,1594,38877.0,0.6849229855921622,24.046873074
US.QQWZ,Pacer Cash COWZ 100-Nasdaq 100 Rotator ETF,2025-11-24 00:00:00,24.798303586,24.867095818,24.867095818,24.755233666,0.0,0.00181,679,16881.0,2.7074660190738973,24.211575635
US.QQWZ,Pacer Cash COWZ 100-Nasdaq 100 Rotator ETF,2025-11-25 00:00:00,24.675474557,25.010861613,25.010861613,24.675474557,0.0,0.0032,1201,29858.0,0.5781366511482037,24.867095818
US.QQWZ,Pacer Cash COWZ 100-Nasdaq 100 Rotator ETF,2025-11-26 00:00:00,25.163999104,25.235383507,25.293607657,25.163999104,0.0,0.01351,5066,128367.0,0.8976975582612537,25.010861613
US.QQWZ,Pacer Cash COWZ 100-Nasdaq 100 Rotator ETF,2025-11-28 00:00:00,25.411950236,25.411950236,25.411950236,25.411950236,0.0,8e-05,30,763.0,0.69967919826152,25.235383507
US.QQWZ,Pacer Cash COWZ 100-Nasdaq 100 Rotator ETF,2025-12-01 00:00:00,25.243758213,25.314743821,25.403276433,24.795113221,0.0,0.01052,3945,99184.0,-0.3825224514342494,25.411950236
US.QQWZ,Pacer Cash COWZ 100-Nasdaq 100 Rotator ETF,2025-12-02 00:00:00,25.562794652,25.536175049,25.562794652,25.463095765,0.0,0.00314,1177,30128.0,0.8747124978460595,25.314743821
US.QQWZ,Pacer Cash COWZ 100-Nasdaq 100 Rotator ETF,2025-12-03 00:00:00,25.594498898,25.594498898,25.594498898,25.594498898,0.0,0.00081,303,7764.0,0.22839696582626856,25.536175049
US.QQWZ,Pacer Cash COWZ 100-Nasdaq 100 Rotator ETF,2025-12-04 00:00:00,25.545447046,25.554220548,25.554220548,25.545447046,0.0,0.00306,1147,29576.0,-0.15737112166375977,25.594498898
US.QQWZ,Pacer Cash COWZ 100-Nasdaq 100 Rotator ETF,2025-12-05 00:00:00,25.794793962,25.672762524,25.794793962,25.652723048,0.0,0.00363,1362,35174.0,0.46388413912815346,25.554220548
US.QQWZ,Pacer Cash COWZ 100-Nasdaq 100 Rotator ETF,2025-12-08 00:00:00,25.562794652,25.58891576,25.592704318,25.443155987,0.0,0.01866,6999,179342.0,-0.32659813653328856,25.672762524
US.QQWZ,Pacer Cash COWZ 100-Nasdaq 100 Rotator ETF,2025-12-09 00:00:00,25.612644095,25.653819736,25.662493539,25.612644095,0.0,0.00518,1944,49984.0,0.25364097724475093,25.58891576
US.QQWZ,Pacer Cash COWZ 100-Nasdaq 100 Rotator ETF,2025-12-10 00:00:00,25.542854875,25.768672854,25.802271379,25.542854875,0.0,0.00874,3277,84588.0,0.44770376958260855,25.653819736
US.QQWZ,Pacer Cash COWZ 100-Nasdaq 100 Rotator ETF,2025-12-11 00:00:00,25.42321621,25.672363729,25.672363729,25.42321621,0.0,0.00276,1036,26568.0,-0.37374499472931866,25.768672854
US.QQWZ,Pacer Cash COWZ 100-Nasdaq 100 Rotator ETF,2025-12-12 00:00:00,25.42321621,25.185334665,25.42321621,25.185334665,0.0,0.00194,727,18447.0,-1.8970947480377274,25.672363729
US.QQWZ,Pacer Cash COWZ 100-Nasdaq 100 Rotator ETF,2025-12-15 00:00:00,25.064300216,25.066493592,25.124119549,25.064300216,0.0,0.00787,2951,74253.0,-0.47186616569027307,25.185334665
US.QQWZ,Pacer Cash COWZ 100-Nasdaq 100 Rotator ETF,2025-12-16 00:00:00,24.944661552,25.139174081,25.139174081,24.934691663,0.0,0.01528,5730,143571.0,0.2899507612951328,25.066493592
US.QQWZ,Pacer Cash COWZ 100-Nasdaq 100 Rotator ETF,2025-12-17 00:00:00,25.163999104,24.645863987,25.163999104,24.545965702,0.0,0.00605,2267,56571.0,-1.9623162336619555,25.139174081
US.QQWZ,Pacer Cash COWZ 100-Nasdaq 100 Rotator ETF,2025-12-18 00:00:00,25.104179771,25.011659204,25.163999104,25.004480884,0.0,0.01343,5036,126728.0,1.4842052897514528,24.645863987
US.QQWZ,Pacer Cash COWZ 100-Nasdaq 100 Rotator ETF,2025-12-19 00:00:00,25.243758213,25.318532379,26.131078308,25.243758213,0.0,0.65644,246166,6234199.0,1.2269205033423891,25.011659204
US.QQWZ,Pacer Cash COWZ 100-Nasdaq 100 Rotator ETF,2025-12-22 00:00:00,25.582734429,25.452826779,25.582734429,25.452826779,0.0,0.00281,1053,26915.0,0.5304193702451182,25.318532379
US.QQWZ,Pacer Cash COWZ 100-Nasdaq 100 Rotator ETF,2025-12-23 00:00:00,25.577450388,25.577450388,25.577450388,25.577450388,0.0,0.00035,207,5294.0,0.48962580888195006,25.452826779
US.QQWZ,Pacer Cash COWZ 100-Nasdaq 100 Rotator ETF,2025-12-24 00:00:00,25.582734429,25.65072907,25.65072907,25.562794652,0.0,0.01559,9353,240098.0,0.2864972109744809,25.577450388
US.QQWZ,Pacer Cash COWZ 100-Nasdaq 100 Rotator ETF,2025-12-26 00:00:00,25.657508595,25.639363397,25.667478483,25.639363397,0.0,0.00194,1161,29885.0,-0.04430935654492975,25.65072907
US.QQWZ,Pacer Cash COWZ 100-Nasdaq 100 Rotator ETF,2025-12-29 00:00:00,25.50297532,25.513543402,25.592704318,25.492905732,0.0,0.00156,937,23977.0,-0.49072979329401917,25.639363397
US.QQWZ,Pacer Cash COWZ 100-Nasdaq 100 Rotator ETF,2025-12-30 00:00:00,25.518541389,25.471454792,25.528517363,25.471454792,0.0,0.00269,1615,41330.0,-0.1649657569583263,25.513543402
US.QQWZ,Pacer Cash COWZ 100-Nasdaq 100 Rotator ETF,2025-12-31 00:00:00,25.438733598,25.039694639,25.438733598,25.039694639,0.0,0.02067,12917,325786.0,-1.6950745708313648,25.471454792
US.QQWZ,Pacer Cash COWZ 100-Nasdaq 100 Rotator ETF,2026-01-02 00:00:00,25.41878165,25.359723884,25.41878165,24.900031004,0.0,0.04173,26080,658132.0,1.2780876508835153,25.039694639
US.QQWZ,Pacer Cash COWZ 100-Nasdaq 100 Rotator ETF,2026-01-05 00:00:00,25.458685545,25.519239707,25.598349181,25.458685545,0.0,0.02815,17593,450051.0,0.6290124597951223,25.359723884
US.QQWZ,Pacer Cash COWZ 100-Nasdaq 100 Rotator ETF,2026-01-06 00:00:00,25.668180999,25.814229257,25.814229257,25.658205025,0.0,0.00305,1909,49204.0,1.15594960267991,25.519239707
US.QQWZ,Pacer Cash COWZ 100-Nasdaq 100 Rotator ETF,2026-01-07 00:00:00,25.867700478,25.676560817,25.867700478,25.676560817,0.0,0.00151,943,24330.0,-0.5333044757192238,25.814229257
US.QQWZ,Pacer Cash COWZ 100-Nasdaq 100 Rotator ETF,2026-01-08 00:00:00,25.867700478,25.963469828,25.977436191,25.588472967,0.0,0.00357,2231,57895.0,1.1173965744276972,25.676560817
US.QQWZ,Pacer Cash COWZ 100-Nasdaq 100 Rotator ETF,2026-01-09 00:00:00,26.017340087,26.00487012,26.037292035,25.987412165,0.0,0.00226,1413,36826.0,0.1594559289427142,25.963469828
US.QQWZ,Pacer Cash COWZ 100-Nasdaq 100 Rotator ETF,2026-01-12 00:00:00,25.955289529,25.955289529,25.955289529,25.955289529,0.0,0.00043,269,6993.0,-0.1906588680166729,26.00487012
US.QQWZ,Pacer Cash COWZ 100-Nasdaq 100 Rotator ETF,2026-01-13 00:00:00,25.967460217,25.945014276,25.967460217,25.887652426,0.0,0.01237,7729,201038.0,-0.0395882811806919,25.955289529
US.QQWZ,Pacer Cash COWZ 100-Nasdaq 100 Rotator ETF,2026-01-14 00:00:00,26.082782476,26.108420729,26.117099827,26.047268009,0.0,0.0022,1376,35971.0,0.6298183198579187,25.945014276
US.QQWZ,Pacer Cash COWZ 100-Nasdaq 100 Rotator ETF,2026-01-15 00:00:00,26.127075801,26.102036106,26.137051775,26.067219957,0.0,0.01018,6363,166545.0,-0.024454267327273193,26.108420729
US.QQWZ,Pacer Cash COWZ 100-Nasdaq 100 Rotator ETF,2026-01-16 00:00:00,25.902217348,25.855829069,25.977436191,25.837772556,0.0,0.30134,188340,4898449.0,-0.9432483964092229,26.102036106
US.QQWZ,Pacer Cash COWZ 100-Nasdaq 100 Rotator ETF,2026-01-20 00:00:00,25.787892686,25.581888824,25.787892686,25.568421259,0.0,0.01713,10705,275260.0,-1.059491243807923,25.855829069
US.QQWZ,Pacer Cash COWZ 100-Nasdaq 100 Rotator ETF,2026-01-21 00:00:00,25.79786866,25.978733068,26.32659528,25.79786866,0.0,0.01889,15115,394001.0,1.5512703019321057,25.581888824
US.QQWZ,Pacer Cash COWZ 100-Nasdaq 100 Rotator ETF,2026-01-22 00:00:00,26.087171905,26.047268009,26.157003723,26.047268009,0.0,0.11481,91850,2407744.0,0.26381171406860904,25.978733068
US.QQWZ,Pacer Cash COWZ 100-Nasdaq 100 Rotator ETF,2026-01-23 00:00:00,26.087171905,26.030707892,26.915177744,25.967460217,0.0,0.01001,9008,236425.0,-0.06357717436730403,26.047268009
US.QQWZ,Pacer Cash COWZ 100-Nasdaq 100 Rotator ETF,2026-01-26 00:00:00,26.137051775,26.117199587,26.137051775,26.087171905,0.0,0.00235,2111,55281.0,0.3322679327771352,26.030707892
US.QQWZ,Pacer Cash COWZ 100-Nasdaq 100 Rotator ETF,2026-01-27 00:00:00,26.137051775,26.205686476,26.216859566,26.137051775,0.0,0.0067,6027,158183.0,0.33880695633249847,26.117199587
US.QQWZ,Pacer Cash COWZ 100-Nasdaq 100 Rotator ETF,2026-01-28 00:00:00,26.166979697,26.072207944,26.186931645,26.072207944,0.0,0.00093,858,22471.0,-0.5093494960425687,26.205686476
US.QQWZ,Pacer Cash COWZ 100-Nasdaq 100 Rotator ETF,2026-01-29 00:00:00,26.117099827,26.0353966,26.129569794,26.007364113,0.0,0.00797,7376,192614.0,-0.14118997546761894,26.072207944
US.QQWZ,Pacer Cash COWZ 100-Nasdaq 100 Rotator ETF,2026-01-30 00:00:00,25.957484243,26.107822171,26.137051775,25.957484243,0.0,0.00686,6343,165476.0,0.2781811704761975,26.0353966
US.QQWZ,Pacer Cash COWZ 100-Nasdaq 100 Rotator ETF,2026-02-02 00:00:00,26.117099827,26.220849956,26.256763462,26.117099827,0.0,0.02553,23611,618492.0,0.4329268993012703,26.107822171
US.QQWZ,Pacer Cash COWZ 100-Nasdaq 100 Rotator ETF,2026-02-03 00:00:00,26.236811514,26.132163547,26.236811514,25.997388139,0.0,0.00572,5289,138748.0,-0.33822858202086525,26.220849956
US.QQWZ,Pacer Cash COWZ 100-Nasdaq 100 Rotator ETF,2026-02-04 00:00:00,26.446306967,26.527411636,26.575994629,26.432540123,0.0,0.04049,37455,995805.0,1.512496614714375,26.132163547
US.QQWZ,Pacer Cash COWZ 100-Nasdaq 100 Rotator ETF,2026-02-05 00:00:00,26.635850473,26.359615754,26.635850473,26.351535215,0.0,0.00538,4977,132976.0,-0.6325377096809796,26.527411636
US.QQWZ,Pacer Cash COWZ 100-Nasdaq 100 Rotator ETF,2026-02-06 00:00:00,26.605922551,26.860609166,26.945105665,25.837772556,0.0,0.00625,6096,162277.0,1.9006096927796656,26.359615754
US.QQWZ,Pacer Cash COWZ 100-Nasdaq 100 Rotator ETF,2026-02-09 00:00:00,26.835369952,26.819009355,27.653399817,26.645726687,0.0,0.03279,31966,859550.0,-0.15487292467163363,26.860609166
US.QQWZ,Pacer Cash COWZ 100-Nasdaq 100 Rotator ETF,2026-02-10 00:00:00,26.875273848,26.857217335,27.832967348,26.815318244,0.0,0.02043,19922,537390.0,0.14246603778032355,26.819009355
US.QQWZ,Pacer Cash COWZ 100-Nasdaq 100 Rotator ETF,2026-02-11 00:00:00,27.024913457,27.06960582,27.134649171,26.910189757,0.0,0.01143,11146,302334.0,0.7908059958364192,26.857217335
US.QQWZ,Pacer Cash COWZ 100-Nasdaq 100 Rotator ETF,2026-02-12 00:00:00,27.094745275,26.637446629,27.114697223,26.584973006,0.0,0.01447,14109,379431.0,-1.5964738972323915,27.06960582
US.QQWZ,Pacer Cash COWZ 100-Nasdaq 100 Rotator ETF,2026-02-13 00:00:00,26.75556216,26.899415705,26.994985535,26.700694303,0.0,0.00781,7805,210462.0,0.9834616645080233,26.637446629
US.QQWZ,Pacer Cash COWZ 100-Nasdaq 100 Rotator ETF,2026-02-17 00:00:00,26.915177744,26.757557355,26.934132094,26.605922551,0.0,0.01195,11948,320665.0,-0.527365915883561,26.899415705
US.QQWZ,Pacer Cash COWZ 100-Nasdaq 100 Rotator ETF,2026-02-18 00:00:00,26.875273848,26.98939899,27.014937483,26.875273848,0.0,0.00444,4442,120103.0,0.866452912439257,26.757557355
US.QQWZ,Pacer Cash COWZ 100-Nasdaq 100 Rotator ETF,2026-02-19 00:00:00,26.994985535,26.885249822,26.994985535,26.820405991,0.0,0.0099,10144,273465.0,-0.38588917092444985,26.98939899
US.QQWZ,Pacer Cash COWZ 100-Nasdaq 100 Rotator ETF,2026-02-20 00:00:00,26.760250868,26.940117678,26.965057613,26.739700362,0.0,0.01102,11294,304544.0,0.20408162975336522,26.885249822
US.QQWZ,Pacer Cash COWZ 100-Nasdaq 100 Rotator ETF,2026-02-23 00:00:00,26.945105665,26.745985225,26.945105665,26.745586186,0.0,0.00466,4772,128123.0,-0.7206072940005578,26.940117678
US.QQWZ,Pacer Cash COWZ 100-Nasdaq 100 Rotator ETF,2026-02-24 00:00:00,26.914978224,26.965257133,27.084769301,26.90520177,0.0,0.01795,18401,498415.0,0.819831111680438,26.745985225
US.QQWZ,Pacer Cash COWZ 100-Nasdaq 100 Rotator ETF,2026-02-25 00:00:00,27.004961509,26.909990237,27.004961509,26.75556216,0.0,0.00471,4829,130007.0,-0.20495593914573582,26.965257133
US.QQWZ,Pacer Cash COWZ 100-Nasdaq 100 Rotator ETF,2026-02-26 00:00:00,26.865297874,27.048855795,27.074793327,26.865297874,0.0,0.01201,12612,341962.0,0.5160371920502183,26.909990237
US.QQWZ,Pacer Cash COWZ 100-Nasdaq 100 Rotator ETF,2026-02-27 00:00:00,26.960069626,27.21166369,27.546557136,26.960069626,0.0,0.01623,17041,463725.0,0.6019030758043947,27.048855795
US.QQWZ,Pacer Cash COWZ 100-Nasdaq 100 Rotator ETF,2026-03-02 00:00:00,27.274312806,27.204181709,27.294264754,27.094745275,0.0,0.02104,22092,602750.0,-0.027495492687391522,27.21166369
US.QQWZ,Pacer Cash COWZ 100-Nasdaq 100 Rotator ETF,2026-03-03 00:00:00,26.825393978,27.004961509,27.279300793,26.635850473,0.0,0.01299,13643,368713.0,-0.7323146203441615,27.204181709
US.QQWZ,Pacer Cash COWZ 100-Nasdaq 100 Rotator ETF,2026-03-04 00:00:00,27.014937483,27.063719996,27.453880337,26.80544203,0.0,0.01469,15796,428651.0,0.21758404277086663,27.004961509
US.QQWZ,Pacer Cash COWZ 100-Nasdaq 100 Rotator ETF,2026-03-05 00:00:00,26.94,26.8194,27.04,26.72,0.0,0.00499,5369,144072.0,-0.9027583644676649,27.063719996
US.QQWZ,Pacer Cash COWZ 100-Nasdaq 100 Rotator ETF,2026-03-06 00:00:00,26.61,26.7398,26.78,26.585,0.0,0.01411,15172,405523.0,-0.2968000775558095,26.8194
US.QQWZ,Pacer Cash COWZ 100-Nasdaq 100 Rotator ETF,2026-03-09 00:00:00,26.64,26.7354,26.79,26.08,0.0,0.00986,10597,281351.0,-0.016454872512136978,26.7398
US.QQWZ,Pacer Cash COWZ 100-Nasdaq 100 Rotator ETF,2026-03-10 00:00:00,26.46,26.4946,26.935,26.46,0.0,0.00696,7480,198520.0,-0.9006785011632523,26.7354
US.QQWZ,Pacer Cash COWZ 100-Nasdaq 100 Rotator ETF,2026-03-11 00:00:00,26.545,26.5047,26.545,26.39,0.0,0.00441,4855,128542.0,0.038120975595031935,26.4946
US.QQWZ,Pacer Cash COWZ 100-Nasdaq 100 Rotator ETF,2026-03-12 00:00:00,26.38,26.2765,26.49,26.26,0.0,0.00514,5649,148815.0,-0.8609793734696151,26.5047
US.QQWZ,Pacer Cash COWZ 100-Nasdaq 100 Rotator ETF,2026-03-13 00:00:00,26.42,26.1931,26.47,26.175,0.0,0.00308,3387,88962.0,-0.3173938690464768,26.2765
US.QQWZ,Pacer Cash COWZ 100-Nasdaq 100 Rotator ETF,2026-03-16 00:00:00,26.24,26.3389,26.38,26.24,0.0,0.00353,3884,102391.0,0.5566351443700734,26.1931
US.QQWZ,Pacer Cash COWZ 100-Nasdaq 100 Rotator ETF,2026-03-17 00:00:00,26.66,26.512,26.67,26.512,0.0,0.00201,2215,58876.0,0.6572028444619995,26.3389
US.QQWZ,Pacer Cash COWZ 100-Nasdaq 100 Rotator ETF,2026-03-18 00:00:00,26.31,26.1513,26.33,26.1513,0.0,0.00346,3807,100192.0,-1.3605159927580015,26.512
US.QQWZ,Pacer Cash COWZ 100-Nasdaq 100 Rotator ETF,2026-03-19 00:00:00,26.21,26.1593,26.73,26.08,0.0,0.00977,10743,282236.0,0.03059121343873028,26.1513
US.QQWZ,Pacer Cash COWZ 100-Nasdaq 100 Rotator ETF,2026-03-20 00:00:00,26.16,25.9473,26.16,25.88,0.0,0.00512,6402,166553.0,-0.810419239046929,26.1593
US.QQWZ,Pacer Cash COWZ 100-Nasdaq 100 Rotator ETF,2026-03-23 00:00:00,25.88,26.1233,26.3,25.88,0.0,0.00169,2112,55259.0,0.6782979346598758,25.9473
US.QQWZ,Pacer Cash COWZ 100-Nasdaq 100 Rotator ETF,2026-03-24 00:00:00,26.14,26.1272,26.23,26.1272,0.0,0.00318,3499,91709.0,0.014929201134611693,26.1233
US.QQWZ,Pacer Cash COWZ 100-Nasdaq 100 Rotator ETF,2026-03-25 00:00:00,26.1,26.2182,26.24,26.1,0.0,0.00344,3781,99178.0,0.34829602865979165,26.1272
US.QQWZ,Pacer Cash COWZ 100-Nasdaq 100 Rotator ETF,2026-03-26 00:00:00,26.45,26.2525,27.98,26.222,0.0,0.01108,12737,335728.0,0.13082515199366004,26.2182
US.QQWZ,Pacer Cash COWZ 100-Nasdaq 100 Rotator ETF,2026-03-27 00:00:00,26.18,26.0033,26.2,25.99,0.0,0.00581,6676,174189.0,-0.949242929244841,26.2525
US.QQWZ,Pacer Cash COWZ 100-Nasdaq 100 Rotator ETF,2026-03-30 00:00:00,26.4,26.0299,26.4,25.97,0.0,0.00918,10562,276277.0,0.10229470874851253,26.0033
US.QQWZ,Pacer Cash COWZ 100-Nasdaq 100 Rotator ETF,2026-03-31 00:00:00,26.18,26.3089,26.3089,26.18,0.0,0.0079,9084,238120.0,1.071844302129474,26.0299
US.QQWZ,Pacer Cash COWZ 100-Nasdaq 100 Rotator ETF,2026-04-01 00:00:00,26.29,26.2284,26.29,26.1001,0.0,0.01213,13946,365944.0,-0.30598010559164646,26.3089
US.QQWZ,Pacer Cash COWZ 100-Nasdaq 100 Rotator ETF,2026-04-02 00:00:00,26.2,26.2966,26.2966,26.11,0.0,0.01036,11913,311573.0,0.2600234859922867,26.2284
US.QQWZ,Pacer Cash COWZ 100-Nasdaq 100 Rotator ETF,2026-04-06 00:00:00,26.28,26.3131,26.34,26.2,0.0,0.01143,13144,345421.0,0.0627457542039544,26.2966
US.QQWZ,Pacer Cash COWZ 100-Nasdaq 100 Rotator ETF,2026-04-07 00:00:00,26.26,26.2087,26.29,26.173,0.0,0.01246,14019,367928.0,-0.3967605489280939,26.3131
US.QQWZ,Pacer Cash COWZ 100-Nasdaq 100 Rotator ETF,2026-04-08 00:00:00,26.56,26.3548,26.56,26.26,0.0,0.00579,6510,171697.0,0.5574484808479648,26.2087
US.QQWZ,Pacer Cash COWZ 100-Nasdaq 100 Rotator ETF,2026-04-09 00:00:00,26.4,26.16,26.4,26.09,0.0,0.00924,10390,271772.0,-0.7391442925007996,26.3548
US.QQWZ,Pacer Cash COWZ 100-Nasdaq 100 Rotator ETF,2026-04-10 00:00:00,26.1,25.8735,26.1,25.74,0.0,0.02013,22647,585702.0,-1.0951834862385328,26.16
US.QQWZ,Pacer Cash COWZ 100-Nasdaq 100 Rotator ETF,2026-04-13 00:00:00,25.88,26.104,26.104,25.88,0.0,0.00293,3292,85643.0,0.8908729008444906,25.8735
US.QQWZ,Pacer Cash COWZ 100-Nasdaq 100 Rotator ETF,2026-04-14 00:00:00,26.14,26.0948,26.2,25.955,0.0,0.00914,10286,268462.0,-0.03524364082132959,26.104
US.QQWZ,Pacer Cash COWZ 100-Nasdaq 100 Rotator ETF,2026-04-15 00:00:00,26.21,26.1891,26.24,26.16,0.0,0.00424,4775,125131.0,0.36137468001287804,26.0948
US.QQWZ,Pacer Cash COWZ 100-Nasdaq 100 Rotator ETF,2026-04-16 00:00:00,26.44,26.4022,26.48,26.35,0.0,0.03316,37302,986181.0,0.8136973015491206,26.1891
US.QQWZ,Pacer Cash COWZ 100-Nasdaq 100 Rotator ETF,2026-04-17 00:00:00,26.42,26.5235,26.55,26.42,0.0,0.01391,15651,415007.0,0.459431411018771,26.4022
US.QQWZ,Pacer Cash COWZ 100-Nasdaq 100 Rotator ETF,2026-04-20 00:00:00,26.52,26.5801,26.635,26.52,0.0,0.00853,9591,254936.0,0.2133956679925466,26.5235
US.QQWZ,Pacer Cash COWZ 100-Nasdaq 100 Rotator ETF,2026-04-21 00:00:00,26.66,26.5947,26.77,26.59,0.0,0.00436,4909,130848.0,0.05492831102967237,26.5801
US.QQWZ,Pacer Cash COWZ 100-Nasdaq 100 Rotator ETF,2026-04-22 00:00:00,26.64,26.5011,26.64,26.48,0.0,0.00332,3899,103479.0,-0.3519498245891045,26.5947
US.QQWZ,Pacer Cash COWZ 100-Nasdaq 100 Rotator ETF,2026-04-23 00:00:00,26.48,26.4353,26.48,26.232,0.0,0.00682,8008,211114.0,-0.2482915803494927,26.5011
US.QQWZ,Pacer Cash COWZ 100-Nasdaq 100 Rotator ETF,2026-04-24 00:00:00,26.295,26.3616,26.3616,26.26,0.0,0.00231,2719,71543.0,-0.2787938854486324,26.4353
US.QQWZ,Pacer Cash COWZ 100-Nasdaq 100 Rotator ETF,2026-04-27 00:00:00,26.45,26.3029,26.4999,26.3011,0.0,0.00676,7944,209396.0,-0.22267237193492884,26.3616
US.QQWZ,Pacer Cash COWZ 100-Nasdaq 100 Rotator ETF,2026-04-28 00:00:00,26.4005,26.2973,26.4005,26.2,0.0,0.01636,19224,505523.0,-0.02129042805166411,26.3029
US.QQWZ,Pacer Cash COWZ 100-Nasdaq 100 Rotator ETF,2026-04-29 00:00:00,26.35,26.4583,26.47,26.3499,0.0,0.00134,1574,41498.0,0.6122301529054366,26.2973
US.QQWZ,Pacer Cash COWZ 100-Nasdaq 100 Rotator ETF,2026-04-30 00:00:00,26.27,26.74,26.74,26.27,0.0,0.00113,1298,34515.0,1.0646942547329086,26.4583
US.QQWZ,Pacer Cash COWZ 100-Nasdaq 100 Rotator ETF,2026-05-01 00:00:00,26.8,26.9648,27.04,26.7655,0.0,0.02453,28209,761931.0,0.8406881077038216,26.74
US.QQWZ,Pacer Cash COWZ 100-Nasdaq 100 Rotator ETF,2026-05-04 00:00:00,27.01,26.9093,27.06,26.82,0.0,0.00991,11395,306521.0,-0.2058238889218483,26.9648
US.QQWZ,Pacer Cash COWZ 100-Nasdaq 100 Rotator ETF,2026-05-05 00:00:00,27.215,27.2549,27.3199,27.18,0.0,0.00166,1946,53058.0,1.2843143448547434,26.9093
US.QQWZ,Pacer Cash COWZ 100-Nasdaq 100 Rotator ETF,2026-05-06 00:00:00,27.59,27.804,27.804,27.5044,0.0,0.00213,2507,69286.0,2.0146835981786735,27.2549
US.QQWZ,Pacer Cash COWZ 100-Nasdaq 100 Rotator ETF,2026-05-07 00:00:00,27.86,27.783,27.975,27.705,0.0,0.00208,2446,68048.0,-0.0755287009063345,27.804
US.QQWZ,Pacer Cash COWZ 100-Nasdaq 100 Rotator ETF,2026-05-08 00:00:00,28.17,28.408,28.408,27.87,0.0,0.01274,14975,423418.0,2.249577079509052,27.783
US.QQWZ,Pacer Cash COWZ 100-Nasdaq 100 Rotator ETF,2026-05-11 00:00:00,28.42,28.53,28.55,28.42,0.0,0.00331,3894,110953.0,0.429456491129259,28.408
US.QQWZ,Pacer Cash COWZ 100-Nasdaq 100 Rotator ETF,2026-05-12 00:00:00,28.395,28.2845,28.395,27.9,0.0,0.00239,2808,79129.0,-0.8604977216964592,28.53
US.QQWZ,Pacer Cash COWZ 100-Nasdaq 100 Rotator ETF,2026-05-13 00:00:00,28.311,28.575,28.63,28.311,0.0,0.00081,951,27127.0,1.0270642931640932,28.2845
US.QQWZ,Pacer Cash COWZ 100-Nasdaq 100 Rotator ETF,2026-05-14 00:00:00,28.76,28.7863,28.855,28.76,0.0,0.00118,1382,39804.0,0.7394575678040294,28.575
US.QQWZ,Pacer Cash COWZ 100-Nasdaq 100 Rotator ETF,2026-05-15 00:00:00,28.39,28.295,28.39,28.295,0.0,0.00049,578,16354.51,-1.7067146524561996,28.7863
