mode,test_start,test_end,train_start,train_end,selected_config_id,train_selection_score,train_sharpe,train_cagr,train_max_drawdown,requested_start_date,actual_start_date,start_group
rolling,2018-06-28,2018-09-26,2017-06-28,2018-06-27,joint_a0.50_ls0.50_lcrowd0.05_lcred0.10_li0.50_tilt0.30_tau1.00_eta0.03,0.876375,1.3129956338479039,0.17965159521379914,-0.10002414931199333,2017-06-28,2018-06-28,annual
rolling,2018-09-27,2018-12-27,2017-06-28,2018-09-26,joint_a0.50_ls0.50_lcrowd0.05_lcred0.10_li0.50_tilt0.30_tau1.00_eta0.03,0.8855000000000001,1.643301085023669,0.2162315340606833,-0.10002414931199333,2017-06-28,2018-06-28,annual
rolling,2018-12-28,2019-03-29,2017-06-28,2018-12-27,joint_a0.50_ls0.25_lcrowd0.05_lcred0.50_li0.50_tilt0.30_tau1.00_eta0.03,0.9223750000000001,0.524130988620561,0.06962801115961348,-0.19152314092457523,2017-06-28,2018-06-28,annual
rolling,2019-04-01,2019-06-28,2017-06-28,2019-03-29,joint_a0.50_ls0.25_lcrowd0.05_lcred0.50_li0.50_tilt0.30_tau1.00_eta0.03,0.8978750000000002,1.0514249447807797,0.15846150900785405,-0.19152314092457523,2017-06-28,2018-06-28,annual
rolling,2019-07-01,2019-09-27,2017-06-28,2019-06-28,joint_a0.50_ls0.25_lcrowd0.05_lcred0.50_li0.50_tilt0.30_tau1.00_eta0.03,0.8932500000000001,1.0691769197757466,0.1591297409480994,-0.19152314092457523,2017-06-28,2018-06-28,annual
rolling,2019-09-30,2019-12-27,2017-06-28,2019-09-27,joint_a0.50_ls0.25_lcrowd0.05_lcred0.50_li0.50_tilt0.30_tau1.00_eta0.03,0.90725,0.9889168299952635,0.14701889036448668,-0.19152314092457523,2017-06-28,2018-06-28,annual
rolling,2019-12-30,2020-03-30,2017-06-28,2019-12-27,joint_a0.50_ls0.25_lcrowd0.05_lcred0.50_li0.50_tilt0.30_tau1.00_eta0.03,0.922875,1.1979610600142938,0.17821657768072896,-0.19152314092457523,2017-06-28,2018-06-28,annual
rolling,2020-03-31,2020-06-29,2017-06-28,2020-03-30,joint_a0.50_ls0.50_lcrowd0.05_lcred0.25_li0.50_tilt0.50_tau1.00_eta0.05,0.79775,0.4807673304914543,0.08533114141769138,-0.32012720395683003,2017-06-28,2018-06-28,annual
rolling,2020-06-30,2020-09-28,2017-06-28,2020-06-29,joint_a0.50_ls0.50_lcrowd0.05_lcred0.25_li0.50_tilt0.50_tau1.00_eta0.05,0.8063749999999998,0.731160203195216,0.15322404786373833,-0.32012720395683003,2017-06-28,2018-06-28,annual
rolling,2020-09-29,2020-12-28,2017-09-27,2020-09-28,joint_a0.50_ls0.25_lcrowd0.05_lcred0.25_li0.50_tilt0.50_tau1.00_eta0.05,0.8007500000000001,0.8188077815815762,0.1801956722742004,-0.3194788030053113,2017-06-28,2018-06-28,annual
rolling,2020-12-29,2021-03-30,2017-12-27,2020-12-28,joint_a0.50_ls0.25_lcrowd0.05_lcred0.25_li0.50_tilt0.50_tau1.00_eta0.05,0.791875,0.8820238120982579,0.20129794229600528,-0.3194788030053112,2017-06-28,2018-06-28,annual
rolling,2021-03-31,2021-06-29,2018-03-29,2021-03-30,joint_a0.50_ls0.25_lcrowd0.05_lcred0.25_li0.10_tilt0.50_tau1.00_eta0.05,0.799625,1.0830332152524094,0.2581372612190853,-0.3178081969682889,2017-06-28,2018-06-28,annual
rolling,2021-06-30,2021-09-28,2018-06-28,2021-06-29,joint_a0.67_ls0.25_lcrowd0.05_lcred0.25_li0.25_tilt0.50_tau1.00_eta0.05,0.8022500000000001,1.0906501127395027,0.25896136069609543,-0.3165819133121184,2017-06-28,2018-06-28,annual
rolling,2021-09-29,2021-12-28,2018-09-27,2021-09-28,joint_a0.67_ls0.25_lcrowd0.05_lcred0.25_li0.25_tilt0.50_tau1.00_eta0.05,0.80175,1.0038833068654514,0.23410197169486557,-0.3165819133121184,2017-06-28,2018-06-28,annual
rolling,2021-12-29,2022-03-29,2018-12-28,2021-12-28,joint_a0.50_ls0.25_lcrowd0.05_lcred0.25_li0.10_tilt0.50_tau1.00_eta0.05,0.80575,1.3665231821836104,0.33195506159316124,-0.317808196968289,2017-06-28,2018-06-28,annual
rolling,2022-03-30,2022-06-29,2019-04-01,2022-03-29,joint_a0.50_ls0.25_lcrowd0.05_lcred0.25_li0.10_tilt0.50_tau1.00_eta0.05,0.80725,1.1353377166137397,0.2635064574173469,-0.3178081969682892,2017-06-28,2018-06-28,annual
rolling,2022-06-30,2022-09-28,2019-07-01,2022-06-29,joint_a0.67_ls0.25_lcrowd0.05_lcred0.25_li0.25_tilt0.50_tau1.00_eta0.05,0.8012500000000001,0.853141760874379,0.19086718565097027,-0.31658191331211816,2017-06-28,2018-06-28,annual
rolling,2022-09-29,2022-12-28,2019-09-30,2022-09-28,joint_a0.50_ls0.25_lcrowd0.05_lcred0.25_li0.10_tilt0.50_tau1.00_eta0.05,0.80375,0.7816493460092514,0.17416252092898943,-0.3178081969682893,2017-06-28,2018-06-28,annual
rolling,2022-12-29,2023-03-30,2019-12-30,2022-12-28,joint_a0.67_ls0.25_lcrowd0.05_lcred0.25_li0.50_tilt0.50_tau0.75_eta0.05,0.8003750000000001,0.68753717584526,0.15134235918299654,-0.31624653650357326,2017-06-28,2018-06-28,annual
rolling,2023-03-31,2023-06-30,2020-03-31,2023-03-30,joint_a0.50_ls0.25_lcrowd0.05_lcred0.25_li0.10_tilt0.50_tau0.75_eta0.03,0.827875,1.312059967604664,0.2744975430546188,-0.18402847645793496,2017-06-28,2018-06-28,annual
rolling,2023-07-03,2023-09-29,2020-06-30,2023-06-30,joint_a0.50_ls0.25_lcrowd0.05_lcred0.25_li0.10_tilt0.50_tau0.75_eta0.03,0.8325000000000001,1.238917989165925,0.23180513144476156,-0.18402847645793452,2017-06-28,2018-06-28,annual
rolling,2023-10-02,2023-12-29,2020-09-29,2023-09-29,joint_a0.50_ls0.25_lcrowd0.05_lcred0.25_li0.25_tilt0.50_tau0.75_eta0.03,0.829875,1.0286027410368368,0.1802148622761639,-0.18653607633832214,2017-06-28,2018-06-28,annual
rolling,2024-01-02,2024-04-02,2020-12-29,2023-12-29,joint_a0.50_ls0.25_lcrowd0.05_lcred0.25_li0.25_tilt0.50_tau0.75_eta0.03,0.834875,0.9537658748291965,0.1615163007320055,-0.18653607633832237,2017-06-28,2018-06-28,annual
rolling,2024-04-03,2024-07-02,2021-03-31,2024-04-02,joint_a0.50_ls0.25_lcrowd0.05_lcred0.25_li0.25_tilt0.50_tau0.75_eta0.03,0.8398749999999999,0.9120795502182127,0.1508846632642853,-0.18653607633832225,2017-06-28,2018-06-28,annual
rolling,2024-07-03,2024-10-01,2021-06-30,2024-07-02,joint_a0.50_ls0.25_lcrowd0.05_lcred0.25_li0.25_tilt0.50_tau0.75_eta0.03,0.8385,0.8355714297851862,0.13550373768679513,-0.1865360763383228,2017-06-28,2018-06-28,annual
rolling,2024-10-02,2024-12-31,2021-09-29,2024-10-01,joint_a0.50_ls0.25_lcrowd0.05_lcred0.25_li0.25_tilt0.50_tau0.75_eta0.03,0.844125,0.916613148696184,0.15379322016774144,-0.18653607633832248,2017-06-28,2018-06-28,annual
rolling,2025-01-02,2025-04-03,2021-12-29,2024-12-31,joint_a0.50_ls0.25_lcrowd0.05_lcred0.25_li0.25_tilt0.50_tau0.75_eta0.03,0.8462500000000001,0.7894987006782365,0.12810223915929186,-0.18653607633832336,2017-06-28,2018-06-28,annual
rolling,2025-04-04,2025-07-07,2022-03-30,2025-04-03,joint_a0.50_ls0.25_lcrowd0.05_lcred0.25_li0.25_tilt0.50_tau0.75_eta0.03,0.8466249999999998,0.608186522528264,0.09410333135977789,-0.18231297749270392,2017-06-28,2018-06-28,annual
rolling,2025-07-08,2025-10-03,2022-06-30,2025-07-07,joint_a0.50_ls0.25_lcrowd0.05_lcred0.25_li0.50_tilt0.30_tau0.75_eta0.03,0.951125,1.154420761486022,0.2064231931242675,-0.18720011515429047,2017-06-28,2018-06-28,annual
rolling,2025-10-06,2026-01-05,2022-09-29,2025-10-03,joint_a0.50_ls0.25_lcrowd0.05_lcred0.25_li0.50_tilt0.50_tau1.00_eta0.03,0.9512499999999999,1.4536906655760562,0.25335701393743215,-0.18416544661458245,2017-06-28,2018-06-28,annual
rolling,2026-01-06,2026-04-07,2022-12-29,2026-01-05,joint_a0.50_ls0.25_lcrowd0.05_lcred0.25_li0.50_tilt0.50_tau1.00_eta0.03,0.960125,1.617575691342713,0.25884084295500176,-0.18416544661458278,2017-06-28,2018-06-28,annual
rolling,2026-04-08,2026-05-15,2023-03-31,2026-04-07,joint_a0.50_ls0.25_lcrowd0.05_lcred0.10_li0.50_tilt0.30_tau0.75_eta0.03,0.960125,1.3439687785730834,0.204591777617654,-0.18880389832836686,2017-06-28,2018-06-28,annual
rolling,2018-06-28,2018-09-26,2017-06-28,2018-06-27,joint_a0.50_ls0.50_lcrowd0.05_lcred0.10_li0.50_tilt0.30_tau1.00_eta0.03,0.876375,1.3129956338479039,0.17965159521379914,-0.10002414931199333,2018-01-02,2018-06-28,annual
rolling,2018-09-27,2018-12-27,2017-06-28,2018-09-26,joint_a0.50_ls0.50_lcrowd0.05_lcred0.10_li0.50_tilt0.30_tau1.00_eta0.03,0.8855000000000001,1.643301085023669,0.2162315340606833,-0.10002414931199333,2018-01-02,2018-06-28,annual
rolling,2018-12-28,2019-03-29,2017-06-28,2018-12-27,joint_a0.50_ls0.25_lcrowd0.05_lcred0.50_li0.50_tilt0.30_tau1.00_eta0.03,0.9223750000000001,0.524130988620561,0.06962801115961348,-0.19152314092457523,2018-01-02,2018-06-28,annual
rolling,2019-04-01,2019-06-28,2017-06-28,2019-03-29,joint_a0.50_ls0.25_lcrowd0.05_lcred0.50_li0.50_tilt0.30_tau1.00_eta0.03,0.8978750000000002,1.0514249447807797,0.15846150900785405,-0.19152314092457523,2018-01-02,2018-06-28,annual
rolling,2019-07-01,2019-09-27,2017-06-28,2019-06-28,joint_a0.50_ls0.25_lcrowd0.05_lcred0.50_li0.50_tilt0.30_tau1.00_eta0.03,0.8932500000000001,1.0691769197757466,0.1591297409480994,-0.19152314092457523,2018-01-02,2018-06-28,annual
rolling,2019-09-30,2019-12-27,2017-06-28,2019-09-27,joint_a0.50_ls0.25_lcrowd0.05_lcred0.50_li0.50_tilt0.30_tau1.00_eta0.03,0.90725,0.9889168299952635,0.14701889036448668,-0.19152314092457523,2018-01-02,2018-06-28,annual
rolling,2019-12-30,2020-03-30,2017-06-28,2019-12-27,joint_a0.50_ls0.25_lcrowd0.05_lcred0.50_li0.50_tilt0.30_tau1.00_eta0.03,0.922875,1.1979610600142938,0.17821657768072896,-0.19152314092457523,2018-01-02,2018-06-28,annual
rolling,2020-03-31,2020-06-29,2017-06-28,2020-03-30,joint_a0.50_ls0.50_lcrowd0.05_lcred0.25_li0.50_tilt0.50_tau1.00_eta0.05,0.79775,0.4807673304914543,0.08533114141769138,-0.32012720395683003,2018-01-02,2018-06-28,annual
rolling,2020-06-30,2020-09-28,2017-06-28,2020-06-29,joint_a0.50_ls0.50_lcrowd0.05_lcred0.25_li0.50_tilt0.50_tau1.00_eta0.05,0.8063749999999998,0.731160203195216,0.15322404786373833,-0.32012720395683003,2018-01-02,2018-06-28,annual
rolling,2020-09-29,2020-12-28,2017-09-27,2020-09-28,joint_a0.50_ls0.25_lcrowd0.05_lcred0.25_li0.50_tilt0.50_tau1.00_eta0.05,0.8007500000000001,0.8188077815815762,0.1801956722742004,-0.3194788030053113,2018-01-02,2018-06-28,annual
rolling,2020-12-29,2021-03-30,2017-12-27,2020-12-28,joint_a0.50_ls0.25_lcrowd0.05_lcred0.25_li0.50_tilt0.50_tau1.00_eta0.05,0.791875,0.8820238120982579,0.20129794229600528,-0.3194788030053112,2018-01-02,2018-06-28,annual
rolling,2021-03-31,2021-06-29,2018-03-29,2021-03-30,joint_a0.50_ls0.25_lcrowd0.05_lcred0.25_li0.10_tilt0.50_tau1.00_eta0.05,0.799625,1.0830332152524094,0.2581372612190853,-0.3178081969682889,2018-01-02,2018-06-28,annual
rolling,2021-06-30,2021-09-28,2018-06-28,2021-06-29,joint_a0.67_ls0.25_lcrowd0.05_lcred0.25_li0.25_tilt0.50_tau1.00_eta0.05,0.8022500000000001,1.0906501127395027,0.25896136069609543,-0.3165819133121184,2018-01-02,2018-06-28,annual
rolling,2021-09-29,2021-12-28,2018-09-27,2021-09-28,joint_a0.67_ls0.25_lcrowd0.05_lcred0.25_li0.25_tilt0.50_tau1.00_eta0.05,0.80175,1.0038833068654514,0.23410197169486557,-0.3165819133121184,2018-01-02,2018-06-28,annual
rolling,2021-12-29,2022-03-29,2018-12-28,2021-12-28,joint_a0.50_ls0.25_lcrowd0.05_lcred0.25_li0.10_tilt0.50_tau1.00_eta0.05,0.80575,1.3665231821836104,0.33195506159316124,-0.317808196968289,2018-01-02,2018-06-28,annual
rolling,2022-03-30,2022-06-29,2019-04-01,2022-03-29,joint_a0.50_ls0.25_lcrowd0.05_lcred0.25_li0.10_tilt0.50_tau1.00_eta0.05,0.80725,1.1353377166137397,0.2635064574173469,-0.3178081969682892,2018-01-02,2018-06-28,annual
rolling,2022-06-30,2022-09-28,2019-07-01,2022-06-29,joint_a0.67_ls0.25_lcrowd0.05_lcred0.25_li0.25_tilt0.50_tau1.00_eta0.05,0.8012500000000001,0.853141760874379,0.19086718565097027,-0.31658191331211816,2018-01-02,2018-06-28,annual
rolling,2022-09-29,2022-12-28,2019-09-30,2022-09-28,joint_a0.50_ls0.25_lcrowd0.05_lcred0.25_li0.10_tilt0.50_tau1.00_eta0.05,0.80375,0.7816493460092514,0.17416252092898943,-0.3178081969682893,2018-01-02,2018-06-28,annual
rolling,2022-12-29,2023-03-30,2019-12-30,2022-12-28,joint_a0.67_ls0.25_lcrowd0.05_lcred0.25_li0.50_tilt0.50_tau0.75_eta0.05,0.8003750000000001,0.68753717584526,0.15134235918299654,-0.31624653650357326,2018-01-02,2018-06-28,annual
rolling,2023-03-31,2023-06-30,2020-03-31,2023-03-30,joint_a0.50_ls0.25_lcrowd0.05_lcred0.25_li0.10_tilt0.50_tau0.75_eta0.03,0.827875,1.312059967604664,0.2744975430546188,-0.18402847645793496,2018-01-02,2018-06-28,annual
rolling,2023-07-03,2023-09-29,2020-06-30,2023-06-30,joint_a0.50_ls0.25_lcrowd0.05_lcred0.25_li0.10_tilt0.50_tau0.75_eta0.03,0.8325000000000001,1.238917989165925,0.23180513144476156,-0.18402847645793452,2018-01-02,2018-06-28,annual
rolling,2023-10-02,2023-12-29,2020-09-29,2023-09-29,joint_a0.50_ls0.25_lcrowd0.05_lcred0.25_li0.25_tilt0.50_tau0.75_eta0.03,0.829875,1.0286027410368368,0.1802148622761639,-0.18653607633832214,2018-01-02,2018-06-28,annual
rolling,2024-01-02,2024-04-02,2020-12-29,2023-12-29,joint_a0.50_ls0.25_lcrowd0.05_lcred0.25_li0.25_tilt0.50_tau0.75_eta0.03,0.834875,0.9537658748291965,0.1615163007320055,-0.18653607633832237,2018-01-02,2018-06-28,annual
rolling,2024-04-03,2024-07-02,2021-03-31,2024-04-02,joint_a0.50_ls0.25_lcrowd0.05_lcred0.25_li0.25_tilt0.50_tau0.75_eta0.03,0.8398749999999999,0.9120795502182127,0.1508846632642853,-0.18653607633832225,2018-01-02,2018-06-28,annual
rolling,2024-07-03,2024-10-01,2021-06-30,2024-07-02,joint_a0.50_ls0.25_lcrowd0.05_lcred0.25_li0.25_tilt0.50_tau0.75_eta0.03,0.8385,0.8355714297851862,0.13550373768679513,-0.1865360763383228,2018-01-02,2018-06-28,annual
rolling,2024-10-02,2024-12-31,2021-09-29,2024-10-01,joint_a0.50_ls0.25_lcrowd0.05_lcred0.25_li0.25_tilt0.50_tau0.75_eta0.03,0.844125,0.916613148696184,0.15379322016774144,-0.18653607633832248,2018-01-02,2018-06-28,annual
rolling,2025-01-02,2025-04-03,2021-12-29,2024-12-31,joint_a0.50_ls0.25_lcrowd0.05_lcred0.25_li0.25_tilt0.50_tau0.75_eta0.03,0.8462500000000001,0.7894987006782365,0.12810223915929186,-0.18653607633832336,2018-01-02,2018-06-28,annual
rolling,2025-04-04,2025-07-07,2022-03-30,2025-04-03,joint_a0.50_ls0.25_lcrowd0.05_lcred0.25_li0.25_tilt0.50_tau0.75_eta0.03,0.8466249999999998,0.608186522528264,0.09410333135977789,-0.18231297749270392,2018-01-02,2018-06-28,annual
rolling,2025-07-08,2025-10-03,2022-06-30,2025-07-07,joint_a0.50_ls0.25_lcrowd0.05_lcred0.25_li0.50_tilt0.30_tau0.75_eta0.03,0.951125,1.154420761486022,0.2064231931242675,-0.18720011515429047,2018-01-02,2018-06-28,annual
rolling,2025-10-06,2026-01-05,2022-09-29,2025-10-03,joint_a0.50_ls0.25_lcrowd0.05_lcred0.25_li0.50_tilt0.50_tau1.00_eta0.03,0.9512499999999999,1.4536906655760562,0.25335701393743215,-0.18416544661458245,2018-01-02,2018-06-28,annual
rolling,2026-01-06,2026-04-07,2022-12-29,2026-01-05,joint_a0.50_ls0.25_lcrowd0.05_lcred0.25_li0.50_tilt0.50_tau1.00_eta0.03,0.960125,1.617575691342713,0.25884084295500176,-0.18416544661458278,2018-01-02,2018-06-28,annual
rolling,2026-04-08,2026-05-15,2023-03-31,2026-04-07,joint_a0.50_ls0.25_lcrowd0.05_lcred0.10_li0.50_tilt0.30_tau0.75_eta0.03,0.960125,1.3439687785730834,0.204591777617654,-0.18880389832836686,2018-01-02,2018-06-28,annual
rolling,2018-06-28,2018-09-26,2017-06-28,2018-06-27,joint_a0.50_ls0.50_lcrowd0.05_lcred0.10_li0.50_tilt0.30_tau1.00_eta0.03,0.876375,1.3129956338479039,0.17965159521379914,-0.10002414931199333,2018-06-28,2018-06-28,annual_block_phase_anchor
rolling,2018-09-27,2018-12-27,2017-06-28,2018-09-26,joint_a0.50_ls0.50_lcrowd0.05_lcred0.10_li0.50_tilt0.30_tau1.00_eta0.03,0.8855000000000001,1.643301085023669,0.2162315340606833,-0.10002414931199333,2018-06-28,2018-06-28,annual_block_phase_anchor
rolling,2018-12-28,2019-03-29,2017-06-28,2018-12-27,joint_a0.50_ls0.25_lcrowd0.05_lcred0.50_li0.50_tilt0.30_tau1.00_eta0.03,0.9223750000000001,0.524130988620561,0.06962801115961348,-0.19152314092457523,2018-06-28,2018-06-28,annual_block_phase_anchor
rolling,2019-04-01,2019-06-28,2017-06-28,2019-03-29,joint_a0.50_ls0.25_lcrowd0.05_lcred0.50_li0.50_tilt0.30_tau1.00_eta0.03,0.8978750000000002,1.0514249447807797,0.15846150900785405,-0.19152314092457523,2018-06-28,2018-06-28,annual_block_phase_anchor
rolling,2019-07-01,2019-09-27,2017-06-28,2019-06-28,joint_a0.50_ls0.25_lcrowd0.05_lcred0.50_li0.50_tilt0.30_tau1.00_eta0.03,0.8932500000000001,1.0691769197757466,0.1591297409480994,-0.19152314092457523,2018-06-28,2018-06-28,annual_block_phase_anchor
rolling,2019-09-30,2019-12-27,2017-06-28,2019-09-27,joint_a0.50_ls0.25_lcrowd0.05_lcred0.50_li0.50_tilt0.30_tau1.00_eta0.03,0.90725,0.9889168299952635,0.14701889036448668,-0.19152314092457523,2018-06-28,2018-06-28,annual_block_phase_anchor
rolling,2019-12-30,2020-03-30,2017-06-28,2019-12-27,joint_a0.50_ls0.25_lcrowd0.05_lcred0.50_li0.50_tilt0.30_tau1.00_eta0.03,0.922875,1.1979610600142938,0.17821657768072896,-0.19152314092457523,2018-06-28,2018-06-28,annual_block_phase_anchor
rolling,2020-03-31,2020-06-29,2017-06-28,2020-03-30,joint_a0.50_ls0.50_lcrowd0.05_lcred0.25_li0.50_tilt0.50_tau1.00_eta0.05,0.79775,0.4807673304914543,0.08533114141769138,-0.32012720395683003,2018-06-28,2018-06-28,annual_block_phase_anchor
rolling,2020-06-30,2020-09-28,2017-06-28,2020-06-29,joint_a0.50_ls0.50_lcrowd0.05_lcred0.25_li0.50_tilt0.50_tau1.00_eta0.05,0.8063749999999998,0.731160203195216,0.15322404786373833,-0.32012720395683003,2018-06-28,2018-06-28,annual_block_phase_anchor
rolling,2020-09-29,2020-12-28,2017-09-27,2020-09-28,joint_a0.50_ls0.25_lcrowd0.05_lcred0.25_li0.50_tilt0.50_tau1.00_eta0.05,0.8007500000000001,0.8188077815815762,0.1801956722742004,-0.3194788030053113,2018-06-28,2018-06-28,annual_block_phase_anchor
rolling,2020-12-29,2021-03-30,2017-12-27,2020-12-28,joint_a0.50_ls0.25_lcrowd0.05_lcred0.25_li0.50_tilt0.50_tau1.00_eta0.05,0.791875,0.8820238120982579,0.20129794229600528,-0.3194788030053112,2018-06-28,2018-06-28,annual_block_phase_anchor
rolling,2021-03-31,2021-06-29,2018-03-29,2021-03-30,joint_a0.50_ls0.25_lcrowd0.05_lcred0.25_li0.10_tilt0.50_tau1.00_eta0.05,0.799625,1.0830332152524094,0.2581372612190853,-0.3178081969682889,2018-06-28,2018-06-28,annual_block_phase_anchor
rolling,2021-06-30,2021-09-28,2018-06-28,2021-06-29,joint_a0.67_ls0.25_lcrowd0.05_lcred0.25_li0.25_tilt0.50_tau1.00_eta0.05,0.8022500000000001,1.0906501127395027,0.25896136069609543,-0.3165819133121184,2018-06-28,2018-06-28,annual_block_phase_anchor
rolling,2021-09-29,2021-12-28,2018-09-27,2021-09-28,joint_a0.67_ls0.25_lcrowd0.05_lcred0.25_li0.25_tilt0.50_tau1.00_eta0.05,0.80175,1.0038833068654514,0.23410197169486557,-0.3165819133121184,2018-06-28,2018-06-28,annual_block_phase_anchor
rolling,2021-12-29,2022-03-29,2018-12-28,2021-12-28,joint_a0.50_ls0.25_lcrowd0.05_lcred0.25_li0.10_tilt0.50_tau1.00_eta0.05,0.80575,1.3665231821836104,0.33195506159316124,-0.317808196968289,2018-06-28,2018-06-28,annual_block_phase_anchor
rolling,2022-03-30,2022-06-29,2019-04-01,2022-03-29,joint_a0.50_ls0.25_lcrowd0.05_lcred0.25_li0.10_tilt0.50_tau1.00_eta0.05,0.80725,1.1353377166137397,0.2635064574173469,-0.3178081969682892,2018-06-28,2018-06-28,annual_block_phase_anchor
rolling,2022-06-30,2022-09-28,2019-07-01,2022-06-29,joint_a0.67_ls0.25_lcrowd0.05_lcred0.25_li0.25_tilt0.50_tau1.00_eta0.05,0.8012500000000001,0.853141760874379,0.19086718565097027,-0.31658191331211816,2018-06-28,2018-06-28,annual_block_phase_anchor
rolling,2022-09-29,2022-12-28,2019-09-30,2022-09-28,joint_a0.50_ls0.25_lcrowd0.05_lcred0.25_li0.10_tilt0.50_tau1.00_eta0.05,0.80375,0.7816493460092514,0.17416252092898943,-0.3178081969682893,2018-06-28,2018-06-28,annual_block_phase_anchor
rolling,2022-12-29,2023-03-30,2019-12-30,2022-12-28,joint_a0.67_ls0.25_lcrowd0.05_lcred0.25_li0.50_tilt0.50_tau0.75_eta0.05,0.8003750000000001,0.68753717584526,0.15134235918299654,-0.31624653650357326,2018-06-28,2018-06-28,annual_block_phase_anchor
rolling,2023-03-31,2023-06-30,2020-03-31,2023-03-30,joint_a0.50_ls0.25_lcrowd0.05_lcred0.25_li0.10_tilt0.50_tau0.75_eta0.03,0.827875,1.312059967604664,0.2744975430546188,-0.18402847645793496,2018-06-28,2018-06-28,annual_block_phase_anchor
rolling,2023-07-03,2023-09-29,2020-06-30,2023-06-30,joint_a0.50_ls0.25_lcrowd0.05_lcred0.25_li0.10_tilt0.50_tau0.75_eta0.03,0.8325000000000001,1.238917989165925,0.23180513144476156,-0.18402847645793452,2018-06-28,2018-06-28,annual_block_phase_anchor
rolling,2023-10-02,2023-12-29,2020-09-29,2023-09-29,joint_a0.50_ls0.25_lcrowd0.05_lcred0.25_li0.25_tilt0.50_tau0.75_eta0.03,0.829875,1.0286027410368368,0.1802148622761639,-0.18653607633832214,2018-06-28,2018-06-28,annual_block_phase_anchor
rolling,2024-01-02,2024-04-02,2020-12-29,2023-12-29,joint_a0.50_ls0.25_lcrowd0.05_lcred0.25_li0.25_tilt0.50_tau0.75_eta0.03,0.834875,0.9537658748291965,0.1615163007320055,-0.18653607633832237,2018-06-28,2018-06-28,annual_block_phase_anchor
rolling,2024-04-03,2024-07-02,2021-03-31,2024-04-02,joint_a0.50_ls0.25_lcrowd0.05_lcred0.25_li0.25_tilt0.50_tau0.75_eta0.03,0.8398749999999999,0.9120795502182127,0.1508846632642853,-0.18653607633832225,2018-06-28,2018-06-28,annual_block_phase_anchor
rolling,2024-07-03,2024-10-01,2021-06-30,2024-07-02,joint_a0.50_ls0.25_lcrowd0.05_lcred0.25_li0.25_tilt0.50_tau0.75_eta0.03,0.8385,0.8355714297851862,0.13550373768679513,-0.1865360763383228,2018-06-28,2018-06-28,annual_block_phase_anchor
rolling,2024-10-02,2024-12-31,2021-09-29,2024-10-01,joint_a0.50_ls0.25_lcrowd0.05_lcred0.25_li0.25_tilt0.50_tau0.75_eta0.03,0.844125,0.916613148696184,0.15379322016774144,-0.18653607633832248,2018-06-28,2018-06-28,annual_block_phase_anchor
rolling,2025-01-02,2025-04-03,2021-12-29,2024-12-31,joint_a0.50_ls0.25_lcrowd0.05_lcred0.25_li0.25_tilt0.50_tau0.75_eta0.03,0.8462500000000001,0.7894987006782365,0.12810223915929186,-0.18653607633832336,2018-06-28,2018-06-28,annual_block_phase_anchor
rolling,2025-04-04,2025-07-07,2022-03-30,2025-04-03,joint_a0.50_ls0.25_lcrowd0.05_lcred0.25_li0.25_tilt0.50_tau0.75_eta0.03,0.8466249999999998,0.608186522528264,0.09410333135977789,-0.18231297749270392,2018-06-28,2018-06-28,annual_block_phase_anchor
rolling,2025-07-08,2025-10-03,2022-06-30,2025-07-07,joint_a0.50_ls0.25_lcrowd0.05_lcred0.25_li0.50_tilt0.30_tau0.75_eta0.03,0.951125,1.154420761486022,0.2064231931242675,-0.18720011515429047,2018-06-28,2018-06-28,annual_block_phase_anchor
rolling,2025-10-06,2026-01-05,2022-09-29,2025-10-03,joint_a0.50_ls0.25_lcrowd0.05_lcred0.25_li0.50_tilt0.50_tau1.00_eta0.03,0.9512499999999999,1.4536906655760562,0.25335701393743215,-0.18416544661458245,2018-06-28,2018-06-28,annual_block_phase_anchor
rolling,2026-01-06,2026-04-07,2022-12-29,2026-01-05,joint_a0.50_ls0.25_lcrowd0.05_lcred0.25_li0.50_tilt0.50_tau1.00_eta0.03,0.960125,1.617575691342713,0.25884084295500176,-0.18416544661458278,2018-06-28,2018-06-28,annual_block_phase_anchor
rolling,2026-04-08,2026-05-15,2023-03-31,2026-04-07,joint_a0.50_ls0.25_lcrowd0.05_lcred0.10_li0.50_tilt0.30_tau0.75_eta0.03,0.960125,1.3439687785730834,0.204591777617654,-0.18880389832836686,2018-06-28,2018-06-28,annual_block_phase_anchor
rolling,2019-01-02,2019-04-02,2017-06-28,2018-12-31,joint_a0.50_ls0.25_lcrowd0.05_lcred0.50_li0.50_tilt0.30_tau1.00_eta0.03,0.921875,0.5555453244799429,0.07457949773411632,-0.19152314092457523,2019-01-02,2019-01-02,annual
rolling,2019-04-03,2019-07-02,2017-06-28,2019-04-02,joint_a0.50_ls0.25_lcrowd0.05_lcred0.50_li0.50_tilt0.30_tau0.75_eta0.03,0.896125,1.1095242151915254,0.1681136967192567,-0.19058276968441,2019-01-02,2019-01-02,annual
rolling,2019-07-03,2019-10-01,2017-06-28,2019-07-02,joint_a0.50_ls0.25_lcrowd0.05_lcred0.50_li0.50_tilt0.30_tau0.75_eta0.03,0.89025,1.1231360961635977,0.16800309512501777,-0.19058276968441,2019-01-02,2019-01-02,annual
rolling,2019-10-02,2019-12-31,2017-06-28,2019-10-01,joint_a0.50_ls0.25_lcrowd0.05_lcred0.50_li0.50_tilt0.30_tau1.00_eta0.03,0.9091250000000001,0.9729342710268991,0.14426352514690777,-0.19152314092457523,2019-01-02,2019-01-02,annual
rolling,2020-01-02,2020-04-01,2017-06-28,2019-12-31,joint_a0.50_ls0.25_lcrowd0.05_lcred0.50_li0.50_tilt0.30_tau1.00_eta0.03,0.922125,1.1871527855258293,0.17615886536093672,-0.19152314092457523,2019-01-02,2019-01-02,annual
rolling,2020-04-02,2020-07-01,2017-06-28,2020-04-01,joint_a0.50_ls0.50_lcrowd0.05_lcred0.25_li0.50_tilt0.50_tau1.00_eta0.05,0.797125,0.3788792615489973,0.06129351004981731,-0.32012720395683003,2019-01-02,2019-01-02,annual
rolling,2020-07-02,2020-09-30,2017-06-30,2020-07-01,joint_a0.50_ls0.50_lcrowd0.05_lcred0.25_li0.50_tilt0.50_tau1.00_eta0.05,0.804875,0.7615155145120626,0.16138030908085632,-0.3201272039568299,2019-01-02,2019-01-02,annual
rolling,2020-10-01,2020-12-30,2017-09-29,2020-09-30,joint_a0.50_ls0.25_lcrowd0.05_lcred0.25_li0.50_tilt0.50_tau1.00_eta0.05,0.8002499999999999,0.8106447192024006,0.17795514022105885,-0.3194788030053113,2019-01-02,2019-01-02,annual
rolling,2020-12-31,2021-04-01,2017-12-29,2020-12-30,joint_a0.50_ls0.25_lcrowd0.05_lcred0.25_li0.50_tilt0.50_tau1.00_eta0.05,0.7924999999999999,0.8784007334101606,0.2002595622517387,-0.31947880300531106,2019-01-02,2019-01-02,annual
rolling,2021-04-05,2021-07-01,2018-04-03,2021-04-01,joint_a0.50_ls0.25_lcrowd0.05_lcred0.25_li0.10_tilt0.50_tau1.00_eta0.05,0.799125,1.1043773712953102,0.26396088702458087,-0.3178081969682892,2019-01-02,2019-01-02,annual
rolling,2021-07-02,2021-09-30,2018-07-02,2021-07-01,joint_a0.67_ls0.25_lcrowd0.05_lcred0.25_li0.25_tilt0.50_tau1.00_eta0.05,0.80175,1.0852538364703326,0.25732444120477216,-0.3165819133121185,2019-01-02,2019-01-02,annual
rolling,2021-10-01,2021-12-30,2018-10-01,2021-09-30,joint_a0.67_ls0.25_lcrowd0.05_lcred0.25_li0.25_tilt0.50_tau1.00_eta0.05,0.802125,0.9815136277185096,0.22769260594047602,-0.3165819133121185,2019-01-02,2019-01-02,annual
rolling,2021-12-31,2022-03-31,2019-01-02,2021-12-30,joint_a0.50_ls0.25_lcrowd0.05_lcred0.25_li0.10_tilt0.50_tau1.00_eta0.05,0.805625,1.3539725061483103,0.32806716041293593,-0.3178081969682892,2019-01-02,2019-01-02,annual
rolling,2022-04-01,2022-07-01,2019-04-03,2022-03-31,joint_a0.50_ls0.25_lcrowd0.05_lcred0.25_li0.10_tilt0.50_tau1.00_eta0.05,0.805875,1.0862107559186869,0.2494588394038706,-0.3178081969682891,2019-01-02,2019-01-02,annual
rolling,2022-07-05,2022-09-30,2019-07-03,2022-07-01,joint_a0.67_ls0.25_lcrowd0.05_lcred0.25_li0.25_tilt0.50_tau1.00_eta0.05,0.8022500000000001,0.8311293310016861,0.18464547158798483,-0.3165819133121185,2019-01-02,2019-01-02,annual
rolling,2022-10-03,2022-12-30,2019-10-02,2022-09-30,joint_a0.50_ls0.25_lcrowd0.05_lcred0.25_li0.25_tilt0.50_tau0.75_eta0.05,0.8025,0.7507370562344015,0.16553468812153604,-0.3173956489440384,2019-01-02,2019-01-02,annual
rolling,2023-01-03,2023-04-03,2020-01-02,2022-12-30,joint_a0.67_ls0.25_lcrowd0.05_lcred0.25_li0.50_tilt0.50_tau0.75_eta0.05,0.8001250000000001,0.7167508767681395,0.1599559662589234,-0.31624653650357315,2019-01-02,2019-01-02,annual
rolling,2023-04-04,2023-07-05,2020-04-02,2023-04-03,joint_a0.50_ls0.25_lcrowd0.05_lcred0.25_li0.10_tilt0.50_tau0.75_eta0.03,0.827125,1.4533337149701444,0.3080885300260672,-0.18402847645793552,2019-01-02,2019-01-02,annual
rolling,2023-07-06,2023-10-03,2020-07-02,2023-07-05,joint_a0.50_ls0.25_lcrowd0.05_lcred0.25_li0.10_tilt0.50_tau0.75_eta0.03,0.8321249999999999,1.2002092167431306,0.22291034351401384,-0.18402847645793485,2019-01-02,2019-01-02,annual
rolling,2023-10-04,2024-01-03,2020-10-01,2023-10-03,joint_a0.50_ls0.25_lcrowd0.05_lcred0.25_li0.25_tilt0.50_tau0.75_eta0.03,0.8296250000000001,0.9928742955635987,0.17289634171341683,-0.18653607633832237,2019-01-02,2019-01-02,annual
rolling,2024-01-04,2024-04-04,2020-12-31,2024-01-03,joint_a0.50_ls0.50_lcrowd0.05_lcred0.10_li0.25_tilt0.50_tau0.75_eta0.03,0.85075,0.9168538702306749,0.15330450484374292,-0.19023146215230402,2019-01-02,2019-01-02,annual
rolling,2024-04-05,2024-07-05,2021-04-05,2024-04-04,joint_a0.50_ls0.25_lcrowd0.05_lcred0.25_li0.25_tilt0.50_tau0.75_eta0.03,0.8401250000000001,0.8817959373040122,0.14503858879037712,-0.1865360763383227,2019-01-02,2019-01-02,annual
rolling,2024-07-08,2024-10-03,2021-07-02,2024-07-05,joint_a0.50_ls0.25_lcrowd0.05_lcred0.25_li0.25_tilt0.50_tau0.75_eta0.03,0.83025,0.8261256424306321,0.13368136735338965,-0.18653607633832292,2019-01-02,2019-01-02,annual
rolling,2024-10-04,2025-01-03,2021-10-01,2024-10-03,joint_a0.50_ls0.25_lcrowd0.05_lcred0.25_li0.25_tilt0.50_tau0.75_eta0.03,0.8435,0.944164190842614,0.15909190710521903,-0.18653607633832336,2019-01-02,2019-01-02,annual
rolling,2025-01-06,2025-04-07,2021-12-31,2025-01-03,joint_a0.50_ls0.25_lcrowd0.05_lcred0.25_li0.25_tilt0.50_tau0.75_eta0.03,0.8457500000000001,0.8083689670552012,0.13181069380002564,-0.18653607633832225,2019-01-02,2019-01-02,annual
rolling,2025-04-08,2025-07-09,2022-04-01,2025-04-07,joint_a0.50_ls0.50_lcrowd0.05_lcred0.25_li0.25_tilt0.50_tau0.75_eta0.03,0.8935000000000001,0.4855446228860001,0.07145599031963945,-0.18088207303685833,2019-01-02,2019-01-02,annual
rolling,2025-07-10,2025-10-07,2022-07-05,2025-07-09,joint_a0.50_ls0.25_lcrowd0.05_lcred0.25_li0.50_tilt0.50_tau1.00_eta0.03,0.9510000000000002,1.1969641241578943,0.21575377763805292,-0.18416544661458267,2019-01-02,2019-01-02,annual
rolling,2025-10-08,2026-01-07,2022-10-03,2025-10-07,joint_a0.50_ls0.25_lcrowd0.05_lcred0.25_li0.50_tilt0.50_tau1.00_eta0.03,0.9530000000000001,1.5281434132182734,0.26757449635929786,-0.18416544661458234,2019-01-02,2019-01-02,annual
rolling,2026-01-08,2026-04-09,2023-01-03,2026-01-07,joint_a0.50_ls0.25_lcrowd0.05_lcred0.25_li0.50_tilt0.50_tau1.00_eta0.03,0.96075,1.580205575173028,0.2511953200174326,-0.18416544661458245,2019-01-02,2019-01-02,annual
rolling,2026-04-10,2026-05-15,2023-04-04,2026-04-09,joint_a0.50_ls0.25_lcrowd0.05_lcred0.10_li0.50_tilt0.30_tau0.75_eta0.03,0.96025,1.3577047839977754,0.20741311917099314,-0.18880389832836708,2019-01-02,2019-01-02,annual
rolling,2020-01-02,2020-04-01,2017-06-28,2019-12-31,joint_a0.50_ls0.25_lcrowd0.05_lcred0.50_li0.50_tilt0.30_tau1.00_eta0.03,0.922125,1.1871527855258293,0.17615886536093672,-0.19152314092457523,2020-01-02,2020-01-02,annual
rolling,2020-04-02,2020-07-01,2017-06-28,2020-04-01,joint_a0.50_ls0.50_lcrowd0.05_lcred0.25_li0.50_tilt0.50_tau1.00_eta0.05,0.797125,0.3788792615489973,0.06129351004981731,-0.32012720395683003,2020-01-02,2020-01-02,annual
rolling,2020-07-02,2020-09-30,2017-06-30,2020-07-01,joint_a0.50_ls0.50_lcrowd0.05_lcred0.25_li0.50_tilt0.50_tau1.00_eta0.05,0.804875,0.7615155145120626,0.16138030908085632,-0.3201272039568299,2020-01-02,2020-01-02,annual
rolling,2020-10-01,2020-12-30,2017-09-29,2020-09-30,joint_a0.50_ls0.25_lcrowd0.05_lcred0.25_li0.50_tilt0.50_tau1.00_eta0.05,0.8002499999999999,0.8106447192024006,0.17795514022105885,-0.3194788030053113,2020-01-02,2020-01-02,annual
rolling,2020-12-31,2021-04-01,2017-12-29,2020-12-30,joint_a0.50_ls0.25_lcrowd0.05_lcred0.25_li0.50_tilt0.50_tau1.00_eta0.05,0.7924999999999999,0.8784007334101606,0.2002595622517387,-0.31947880300531106,2020-01-02,2020-01-02,annual
rolling,2021-04-05,2021-07-01,2018-04-03,2021-04-01,joint_a0.50_ls0.25_lcrowd0.05_lcred0.25_li0.10_tilt0.50_tau1.00_eta0.05,0.799125,1.1043773712953102,0.26396088702458087,-0.3178081969682892,2020-01-02,2020-01-02,annual
rolling,2021-07-02,2021-09-30,2018-07-02,2021-07-01,joint_a0.67_ls0.25_lcrowd0.05_lcred0.25_li0.25_tilt0.50_tau1.00_eta0.05,0.80175,1.0852538364703326,0.25732444120477216,-0.3165819133121185,2020-01-02,2020-01-02,annual
rolling,2021-10-01,2021-12-30,2018-10-01,2021-09-30,joint_a0.67_ls0.25_lcrowd0.05_lcred0.25_li0.25_tilt0.50_tau1.00_eta0.05,0.802125,0.9815136277185096,0.22769260594047602,-0.3165819133121185,2020-01-02,2020-01-02,annual
rolling,2021-12-31,2022-03-31,2019-01-02,2021-12-30,joint_a0.50_ls0.25_lcrowd0.05_lcred0.25_li0.10_tilt0.50_tau1.00_eta0.05,0.805625,1.3539725061483103,0.32806716041293593,-0.3178081969682892,2020-01-02,2020-01-02,annual
rolling,2022-04-01,2022-07-01,2019-04-03,2022-03-31,joint_a0.50_ls0.25_lcrowd0.05_lcred0.25_li0.10_tilt0.50_tau1.00_eta0.05,0.805875,1.0862107559186869,0.2494588394038706,-0.3178081969682891,2020-01-02,2020-01-02,annual
rolling,2022-07-05,2022-09-30,2019-07-03,2022-07-01,joint_a0.67_ls0.25_lcrowd0.05_lcred0.25_li0.25_tilt0.50_tau1.00_eta0.05,0.8022500000000001,0.8311293310016861,0.18464547158798483,-0.3165819133121185,2020-01-02,2020-01-02,annual
rolling,2022-10-03,2022-12-30,2019-10-02,2022-09-30,joint_a0.50_ls0.25_lcrowd0.05_lcred0.25_li0.25_tilt0.50_tau0.75_eta0.05,0.8025,0.7507370562344015,0.16553468812153604,-0.3173956489440384,2020-01-02,2020-01-02,annual
rolling,2023-01-03,2023-04-03,2020-01-02,2022-12-30,joint_a0.67_ls0.25_lcrowd0.05_lcred0.25_li0.50_tilt0.50_tau0.75_eta0.05,0.8001250000000001,0.7167508767681395,0.1599559662589234,-0.31624653650357315,2020-01-02,2020-01-02,annual
rolling,2023-04-04,2023-07-05,2020-04-02,2023-04-03,joint_a0.50_ls0.25_lcrowd0.05_lcred0.25_li0.10_tilt0.50_tau0.75_eta0.03,0.827125,1.4533337149701444,0.3080885300260672,-0.18402847645793552,2020-01-02,2020-01-02,annual
rolling,2023-07-06,2023-10-03,2020-07-02,2023-07-05,joint_a0.50_ls0.25_lcrowd0.05_lcred0.25_li0.10_tilt0.50_tau0.75_eta0.03,0.8321249999999999,1.2002092167431306,0.22291034351401384,-0.18402847645793485,2020-01-02,2020-01-02,annual
rolling,2023-10-04,2024-01-03,2020-10-01,2023-10-03,joint_a0.50_ls0.25_lcrowd0.05_lcred0.25_li0.25_tilt0.50_tau0.75_eta0.03,0.8296250000000001,0.9928742955635987,0.17289634171341683,-0.18653607633832237,2020-01-02,2020-01-02,annual
rolling,2024-01-04,2024-04-04,2020-12-31,2024-01-03,joint_a0.50_ls0.50_lcrowd0.05_lcred0.10_li0.25_tilt0.50_tau0.75_eta0.03,0.85075,0.9168538702306749,0.15330450484374292,-0.19023146215230402,2020-01-02,2020-01-02,annual
rolling,2024-04-05,2024-07-05,2021-04-05,2024-04-04,joint_a0.50_ls0.25_lcrowd0.05_lcred0.25_li0.25_tilt0.50_tau0.75_eta0.03,0.8401250000000001,0.8817959373040122,0.14503858879037712,-0.1865360763383227,2020-01-02,2020-01-02,annual
rolling,2024-07-08,2024-10-03,2021-07-02,2024-07-05,joint_a0.50_ls0.25_lcrowd0.05_lcred0.25_li0.25_tilt0.50_tau0.75_eta0.03,0.83025,0.8261256424306321,0.13368136735338965,-0.18653607633832292,2020-01-02,2020-01-02,annual
rolling,2024-10-04,2025-01-03,2021-10-01,2024-10-03,joint_a0.50_ls0.25_lcrowd0.05_lcred0.25_li0.25_tilt0.50_tau0.75_eta0.03,0.8435,0.944164190842614,0.15909190710521903,-0.18653607633832336,2020-01-02,2020-01-02,annual
rolling,2025-01-06,2025-04-07,2021-12-31,2025-01-03,joint_a0.50_ls0.25_lcrowd0.05_lcred0.25_li0.25_tilt0.50_tau0.75_eta0.03,0.8457500000000001,0.8083689670552012,0.13181069380002564,-0.18653607633832225,2020-01-02,2020-01-02,annual
rolling,2025-04-08,2025-07-09,2022-04-01,2025-04-07,joint_a0.50_ls0.50_lcrowd0.05_lcred0.25_li0.25_tilt0.50_tau0.75_eta0.03,0.8935000000000001,0.4855446228860001,0.07145599031963945,-0.18088207303685833,2020-01-02,2020-01-02,annual
rolling,2025-07-10,2025-10-07,2022-07-05,2025-07-09,joint_a0.50_ls0.25_lcrowd0.05_lcred0.25_li0.50_tilt0.50_tau1.00_eta0.03,0.9510000000000002,1.1969641241578943,0.21575377763805292,-0.18416544661458267,2020-01-02,2020-01-02,annual
rolling,2025-10-08,2026-01-07,2022-10-03,2025-10-07,joint_a0.50_ls0.25_lcrowd0.05_lcred0.25_li0.50_tilt0.50_tau1.00_eta0.03,0.9530000000000001,1.5281434132182734,0.26757449635929786,-0.18416544661458234,2020-01-02,2020-01-02,annual
rolling,2026-01-08,2026-04-09,2023-01-03,2026-01-07,joint_a0.50_ls0.25_lcrowd0.05_lcred0.25_li0.50_tilt0.50_tau1.00_eta0.03,0.96075,1.580205575173028,0.2511953200174326,-0.18416544661458245,2020-01-02,2020-01-02,annual
rolling,2026-04-10,2026-05-15,2023-04-04,2026-04-09,joint_a0.50_ls0.25_lcrowd0.05_lcred0.10_li0.50_tilt0.30_tau0.75_eta0.03,0.96025,1.3577047839977754,0.20741311917099314,-0.18880389832836708,2020-01-02,2020-01-02,annual
rolling,2021-01-04,2021-04-05,2018-01-02,2020-12-31,joint_a0.50_ls0.25_lcrowd0.05_lcred0.25_li0.50_tilt0.50_tau1.00_eta0.05,0.7929999999999999,0.8913161940423893,0.20399525343496894,-0.3194788030053115,2021-01-04,2021-01-04,annual
rolling,2021-04-06,2021-07-02,2018-04-04,2021-04-05,joint_a0.50_ls0.25_lcrowd0.05_lcred0.25_li0.10_tilt0.50_tau1.00_eta0.05,0.799,1.103542645345521,0.2637008160362777,-0.31780819696828955,2021-01-04,2021-01-04,annual
rolling,2021-07-06,2021-10-01,2018-07-03,2021-07-02,joint_a0.67_ls0.25_lcrowd0.05_lcred0.25_li0.25_tilt0.50_tau1.00_eta0.05,0.8006249999999999,1.089394975275543,0.2585785895385355,-0.3165819133121185,2021-01-04,2021-01-04,annual
rolling,2021-10-04,2021-12-31,2018-10-02,2021-10-01,joint_a0.67_ls0.25_lcrowd0.05_lcred0.25_li0.25_tilt0.50_tau1.00_eta0.05,0.8019999999999999,0.9941111930829499,0.23145867393480613,-0.3165819133121184,2021-01-04,2021-01-04,annual
rolling,2022-01-03,2022-04-01,2019-01-03,2021-12-31,joint_a0.50_ls0.25_lcrowd0.05_lcred0.25_li0.10_tilt0.50_tau1.00_eta0.05,0.806,1.3505533882479344,0.32703609941714373,-0.3178081969682891,2021-01-04,2021-01-04,annual
rolling,2022-04-04,2022-07-05,2019-04-04,2022-04-01,joint_a0.50_ls0.25_lcrowd0.05_lcred0.25_li0.10_tilt0.50_tau1.00_eta0.05,0.805875,1.083214058524349,0.2485904234978853,-0.3178081969682891,2021-01-04,2021-01-04,annual
rolling,2022-07-06,2022-10-03,2019-07-05,2022-07-05,joint_a0.50_ls0.25_lcrowd0.05_lcred0.25_li0.10_tilt0.50_tau1.00_eta0.05,0.80175,0.823112122460962,0.18271881076707697,-0.317808196968289,2021-01-04,2021-01-04,annual
rolling,2022-10-04,2023-01-03,2019-10-03,2022-10-03,joint_a0.50_ls0.25_lcrowd0.05_lcred0.25_li0.25_tilt0.50_tau0.75_eta0.05,0.802125,0.8141174480499903,0.18387729906059214,-0.3173956489440378,2021-01-04,2021-01-04,annual
rolling,2023-01-04,2023-04-04,2020-01-03,2023-01-03,joint_a0.67_ls0.25_lcrowd0.05_lcred0.25_li0.50_tilt0.50_tau0.75_eta0.05,0.8004999999999999,0.6974200857635263,0.15434874006145005,-0.31624653650357337,2021-01-04,2021-01-04,annual
rolling,2023-04-05,2023-07-06,2020-04-03,2023-04-04,joint_a0.50_ls0.25_lcrowd0.05_lcred0.25_li0.10_tilt0.50_tau0.75_eta0.03,0.8272499999999999,1.4093897444871288,0.2962809270822808,-0.18402847645793552,2021-01-04,2021-01-04,annual
rolling,2023-07-07,2023-10-04,2020-07-06,2023-07-06,joint_a0.50_ls0.25_lcrowd0.05_lcred0.25_li0.25_tilt0.50_tau0.75_eta0.03,0.8320000000000001,1.1709744986974986,0.21746278666139496,-0.18653607633832225,2021-01-04,2021-01-04,annual
rolling,2023-10-05,2024-01-04,2020-10-02,2023-10-04,joint_a0.50_ls0.25_lcrowd0.05_lcred0.25_li0.25_tilt0.50_tau0.75_eta0.03,0.829125,0.9856072983819129,0.17137629311986613,-0.18653607633832214,2021-01-04,2021-01-04,annual
rolling,2024-01-05,2024-04-05,2021-01-04,2024-01-04,joint_a0.50_ls0.50_lcrowd0.05_lcred0.10_li0.25_tilt0.50_tau0.75_eta0.03,0.8525,0.9017984053532088,0.15032053382149213,-0.1902314621523047,2021-01-04,2021-01-04,annual
rolling,2024-04-08,2024-07-08,2021-04-06,2024-04-05,joint_a0.50_ls0.25_lcrowd0.05_lcred0.25_li0.25_tilt0.50_tau0.75_eta0.03,0.8398749999999999,0.8767043943465788,0.1440121388707407,-0.1865360763383237,2021-01-04,2021-01-04,annual
rolling,2024-07-09,2024-10-04,2021-07-06,2024-07-08,joint_a0.50_ls0.25_lcrowd0.05_lcred0.25_li0.25_tilt0.50_tau0.75_eta0.03,0.8317500000000001,0.8201660256574003,0.13252333110304493,-0.18653607633832214,2021-01-04,2021-01-04,annual
rolling,2024-10-07,2025-01-06,2021-10-04,2024-10-04,joint_a0.50_ls0.25_lcrowd0.05_lcred0.25_li0.25_tilt0.50_tau0.75_eta0.03,0.843375,0.9383211626008857,0.15787266163187796,-0.18653607633832225,2021-01-04,2021-01-04,annual
rolling,2025-01-07,2025-04-08,2022-01-03,2025-01-06,joint_a0.50_ls0.25_lcrowd0.05_lcred0.25_li0.25_tilt0.50_tau0.75_eta0.03,0.84575,0.8142829344287288,0.13295724115954322,-0.18653607633832192,2021-01-04,2021-01-04,annual
rolling,2025-04-09,2025-07-10,2022-04-04,2025-04-08,joint_a0.50_ls0.25_lcrowd0.05_lcred0.10_li0.50_tilt0.50_tau0.75_eta0.03,0.924625,0.4687789831542912,0.06972433440860515,-0.18667485944235018,2021-01-04,2021-01-04,annual
rolling,2025-07-11,2025-10-08,2022-07-06,2025-07-10,joint_a0.50_ls0.25_lcrowd0.05_lcred0.25_li0.50_tilt0.30_tau0.75_eta0.03,0.9514999999999999,1.1701545980142865,0.20959879628563383,-0.18720011515429058,2021-01-04,2021-01-04,annual
rolling,2025-10-09,2026-01-08,2022-10-04,2025-10-08,joint_a0.50_ls0.25_lcrowd0.05_lcred0.25_li0.50_tilt0.50_tau1.00_eta0.03,0.953125,1.486942508451322,0.2578269919690015,-0.18416544661458267,2021-01-04,2021-01-04,annual
rolling,2026-01-09,2026-04-10,2023-01-04,2026-01-08,joint_a0.50_ls0.25_lcrowd0.05_lcred0.25_li0.50_tilt0.50_tau1.00_eta0.03,0.96075,1.607740368649002,0.25619095065061215,-0.18416544661458256,2021-01-04,2021-01-04,annual
rolling,2026-04-13,2026-05-15,2023-04-05,2026-04-10,joint_a0.50_ls0.25_lcrowd0.05_lcred0.10_li0.50_tilt0.30_tau0.75_eta0.03,0.961375,1.366020054367756,0.2088225317445438,-0.1888038983283672,2021-01-04,2021-01-04,annual
rolling,2022-01-03,2022-04-01,2019-01-03,2021-12-31,joint_a0.50_ls0.25_lcrowd0.05_lcred0.25_li0.10_tilt0.50_tau1.00_eta0.05,0.806,1.3505533882479344,0.32703609941714373,-0.3178081969682891,2022-01-03,2022-01-03,annual
rolling,2022-04-04,2022-07-05,2019-04-04,2022-04-01,joint_a0.50_ls0.25_lcrowd0.05_lcred0.25_li0.10_tilt0.50_tau1.00_eta0.05,0.805875,1.083214058524349,0.2485904234978853,-0.3178081969682891,2022-01-03,2022-01-03,annual
rolling,2022-07-06,2022-10-03,2019-07-05,2022-07-05,joint_a0.50_ls0.25_lcrowd0.05_lcred0.25_li0.10_tilt0.50_tau1.00_eta0.05,0.80175,0.823112122460962,0.18271881076707697,-0.317808196968289,2022-01-03,2022-01-03,annual
rolling,2022-10-04,2023-01-03,2019-10-03,2022-10-03,joint_a0.50_ls0.25_lcrowd0.05_lcred0.25_li0.25_tilt0.50_tau0.75_eta0.05,0.802125,0.8141174480499903,0.18387729906059214,-0.3173956489440378,2022-01-03,2022-01-03,annual
rolling,2023-01-04,2023-04-04,2020-01-03,2023-01-03,joint_a0.67_ls0.25_lcrowd0.05_lcred0.25_li0.50_tilt0.50_tau0.75_eta0.05,0.8004999999999999,0.6974200857635263,0.15434874006145005,-0.31624653650357337,2022-01-03,2022-01-03,annual
rolling,2023-04-05,2023-07-06,2020-04-03,2023-04-04,joint_a0.50_ls0.25_lcrowd0.05_lcred0.25_li0.10_tilt0.50_tau0.75_eta0.03,0.8272499999999999,1.4093897444871288,0.2962809270822808,-0.18402847645793552,2022-01-03,2022-01-03,annual
rolling,2023-07-07,2023-10-04,2020-07-06,2023-07-06,joint_a0.50_ls0.25_lcrowd0.05_lcred0.25_li0.25_tilt0.50_tau0.75_eta0.03,0.8320000000000001,1.1709744986974986,0.21746278666139496,-0.18653607633832225,2022-01-03,2022-01-03,annual
rolling,2023-10-05,2024-01-04,2020-10-02,2023-10-04,joint_a0.50_ls0.25_lcrowd0.05_lcred0.25_li0.25_tilt0.50_tau0.75_eta0.03,0.829125,0.9856072983819129,0.17137629311986613,-0.18653607633832214,2022-01-03,2022-01-03,annual
rolling,2024-01-05,2024-04-05,2021-01-04,2024-01-04,joint_a0.50_ls0.50_lcrowd0.05_lcred0.10_li0.25_tilt0.50_tau0.75_eta0.03,0.8525,0.9017984053532088,0.15032053382149213,-0.1902314621523047,2022-01-03,2022-01-03,annual
rolling,2024-04-08,2024-07-08,2021-04-06,2024-04-05,joint_a0.50_ls0.25_lcrowd0.05_lcred0.25_li0.25_tilt0.50_tau0.75_eta0.03,0.8398749999999999,0.8767043943465788,0.1440121388707407,-0.1865360763383237,2022-01-03,2022-01-03,annual
rolling,2024-07-09,2024-10-04,2021-07-06,2024-07-08,joint_a0.50_ls0.25_lcrowd0.05_lcred0.25_li0.25_tilt0.50_tau0.75_eta0.03,0.8317500000000001,0.8201660256574003,0.13252333110304493,-0.18653607633832214,2022-01-03,2022-01-03,annual
rolling,2024-10-07,2025-01-06,2021-10-04,2024-10-04,joint_a0.50_ls0.25_lcrowd0.05_lcred0.25_li0.25_tilt0.50_tau0.75_eta0.03,0.843375,0.9383211626008857,0.15787266163187796,-0.18653607633832225,2022-01-03,2022-01-03,annual
rolling,2025-01-07,2025-04-08,2022-01-03,2025-01-06,joint_a0.50_ls0.25_lcrowd0.05_lcred0.25_li0.25_tilt0.50_tau0.75_eta0.03,0.84575,0.8142829344287288,0.13295724115954322,-0.18653607633832192,2022-01-03,2022-01-03,annual
rolling,2025-04-09,2025-07-10,2022-04-04,2025-04-08,joint_a0.50_ls0.25_lcrowd0.05_lcred0.10_li0.50_tilt0.50_tau0.75_eta0.03,0.924625,0.4687789831542912,0.06972433440860515,-0.18667485944235018,2022-01-03,2022-01-03,annual
rolling,2025-07-11,2025-10-08,2022-07-06,2025-07-10,joint_a0.50_ls0.25_lcrowd0.05_lcred0.25_li0.50_tilt0.30_tau0.75_eta0.03,0.9514999999999999,1.1701545980142865,0.20959879628563383,-0.18720011515429058,2022-01-03,2022-01-03,annual
rolling,2025-10-09,2026-01-08,2022-10-04,2025-10-08,joint_a0.50_ls0.25_lcrowd0.05_lcred0.25_li0.50_tilt0.50_tau1.00_eta0.03,0.953125,1.486942508451322,0.2578269919690015,-0.18416544661458267,2022-01-03,2022-01-03,annual
rolling,2026-01-09,2026-04-10,2023-01-04,2026-01-08,joint_a0.50_ls0.25_lcrowd0.05_lcred0.25_li0.50_tilt0.50_tau1.00_eta0.03,0.96075,1.607740368649002,0.25619095065061215,-0.18416544661458256,2022-01-03,2022-01-03,annual
rolling,2026-04-13,2026-05-15,2023-04-05,2026-04-10,joint_a0.50_ls0.25_lcrowd0.05_lcred0.10_li0.50_tilt0.30_tau0.75_eta0.03,0.961375,1.366020054367756,0.2088225317445438,-0.1888038983283672,2022-01-03,2022-01-03,annual
rolling,2018-07-30,2018-10-25,2017-06-28,2018-07-27,joint_a0.50_ls0.50_lcrowd0.05_lcred0.10_li0.50_tilt0.30_tau1.00_eta0.03,0.87775,1.5494578071289768,0.21291148448209496,-0.10002414931199333,2018-07-30,2018-07-30,block_phase
rolling,2018-10-26,2019-01-29,2017-06-28,2018-10-25,joint_a0.50_ls0.50_lcrowd0.05_lcred0.10_li0.50_tilt0.30_tau1.00_eta0.03,0.8765000000000001,1.0608788756707352,0.14046464332128727,-0.10002414931199333,2018-07-30,2018-07-30,block_phase
rolling,2019-01-30,2019-04-30,2017-06-28,2019-01-29,joint_a0.50_ls0.25_lcrowd0.05_lcred0.50_li0.50_tilt0.30_tau1.00_eta0.03,0.9291250000000002,0.7277864832658769,0.10503681301064938,-0.19152314092457523,2018-07-30,2018-07-30,block_phase
rolling,2019-05-01,2019-07-30,2017-06-28,2019-04-30,joint_a0.50_ls0.25_lcrowd0.05_lcred0.50_li0.50_tilt0.30_tau0.75_eta0.03,0.895125,1.202109641610786,0.18108922261875304,-0.19058276968441,2018-07-30,2018-07-30,block_phase
rolling,2019-07-31,2019-10-28,2017-06-28,2019-07-30,joint_a0.50_ls0.25_lcrowd0.05_lcred0.50_li0.50_tilt0.30_tau0.75_eta0.03,0.898625,1.165972775129076,0.17313272760947984,-0.19058276968441,2018-07-30,2018-07-30,block_phase
rolling,2019-10-29,2020-01-29,2017-06-28,2019-10-28,joint_a0.50_ls0.25_lcrowd0.05_lcred0.50_li0.50_tilt0.30_tau1.00_eta0.03,0.9103749999999999,1.0557845874804603,0.15822200933264563,-0.19152314092457523,2018-07-30,2018-07-30,block_phase
rolling,2020-01-30,2020-04-29,2017-06-28,2020-01-29,joint_a0.50_ls0.25_lcrowd0.05_lcred0.50_li0.50_tilt0.30_tau1.00_eta0.03,0.9395000000000001,1.2025340212876046,0.17760117601678904,-0.19152314092457523,2018-07-30,2018-07-30,block_phase
rolling,2020-04-30,2020-07-29,2017-06-28,2020-04-29,joint_a0.50_ls0.50_lcrowd0.05_lcred0.25_li0.50_tilt0.50_tau1.00_eta0.05,0.80175,0.6450187649211863,0.13002320057051353,-0.32012720395683003,2018-07-30,2018-07-30,block_phase
rolling,2020-07-30,2020-10-27,2017-07-28,2020-07-29,joint_a0.50_ls0.25_lcrowd0.05_lcred0.25_li0.50_tilt0.50_tau1.00_eta0.05,0.8053750000000001,0.7766842904867267,0.16641019582286964,-0.3194788030053112,2018-07-30,2018-07-30,block_phase
rolling,2020-10-28,2021-01-28,2017-10-26,2020-10-27,joint_a0.50_ls0.50_lcrowd0.05_lcred0.25_li0.50_tilt0.50_tau1.00_eta0.05,0.7985,0.7792853546968638,0.16996032571918196,-0.32012720395683025,2018-07-30,2018-07-30,block_phase
rolling,2021-01-29,2021-04-29,2018-01-29,2021-01-28,joint_a0.50_ls0.25_lcrowd0.05_lcred0.25_li0.50_tilt0.50_tau1.00_eta0.05,0.7929999999999999,0.8082195931353222,0.18037895559161088,-0.3194788030053112,2018-07-30,2018-07-30,block_phase
rolling,2021-04-30,2021-07-29,2018-04-30,2021-04-29,joint_a0.50_ls0.25_lcrowd0.05_lcred0.25_li0.10_tilt0.50_tau1.00_eta0.05,0.7993750000000001,1.1070397650436807,0.26332801225976965,-0.3178081969682892,2018-07-30,2018-07-30,block_phase
rolling,2021-07-30,2021-10-27,2018-07-30,2021-07-29,joint_a0.67_ls0.25_lcrowd0.05_lcred0.25_li0.25_tilt0.50_tau1.00_eta0.05,0.801375,1.0663009270541537,0.2518241933936298,-0.3165819133121184,2018-07-30,2018-07-30,block_phase
rolling,2021-10-28,2022-01-27,2018-10-26,2021-10-27,joint_a0.67_ls0.25_lcrowd0.05_lcred0.25_li0.25_tilt0.50_tau1.00_eta0.05,0.8035,1.1483425108555514,0.2753313072343009,-0.31658191331211827,2018-07-30,2018-07-30,block_phase
rolling,2022-01-28,2022-04-28,2019-01-30,2022-01-27,joint_a0.50_ls0.25_lcrowd0.05_lcred0.25_li0.10_tilt0.50_tau1.00_eta0.05,0.8008749999999999,1.2017815647313044,0.27994328002131796,-0.317808196968289,2018-07-30,2018-07-30,block_phase
rolling,2022-04-29,2022-07-29,2019-05-01,2022-04-28,joint_a0.67_ls0.25_lcrowd0.05_lcred0.25_li0.25_tilt0.50_tau1.00_eta0.05,0.8018750000000001,0.9857851339852963,0.22273786343888635,-0.31658191331211794,2018-07-30,2018-07-30,block_phase
rolling,2022-08-01,2022-10-27,2019-07-31,2022-07-29,joint_a0.50_ls0.25_lcrowd0.05_lcred0.25_li0.10_tilt0.50_tau1.00_eta0.05,0.8059999999999998,0.9184419594904492,0.2119914089852104,-0.317808196968289,2018-07-30,2018-07-30,block_phase
rolling,2022-10-28,2023-01-30,2019-10-29,2022-10-27,joint_a0.50_ls0.25_lcrowd0.05_lcred0.25_li0.25_tilt0.50_tau0.75_eta0.05,0.7994999999999999,0.8047729353483832,0.18282092821818297,-0.3173956489440378,2018-07-30,2018-07-30,block_phase
rolling,2023-01-31,2023-05-01,2020-01-30,2023-01-30,joint_a0.50_ls0.25_lcrowd0.05_lcred0.10_li0.10_tilt0.50_tau0.75_eta0.05,0.806,0.7812234953514703,0.18168774368203788,-0.31591939827876436,2018-07-30,2018-07-30,block_phase
rolling,2023-05-02,2023-08-01,2020-04-30,2023-05-01,joint_a0.50_ls0.25_lcrowd0.05_lcred0.25_li0.25_tilt0.50_tau0.75_eta0.03,0.8348749999999999,1.202858772824378,0.23291266875032202,-0.1865360763383228,2018-07-30,2018-07-30,block_phase
rolling,2023-08-02,2023-10-30,2020-07-30,2023-08-01,joint_a0.50_ls0.25_lcrowd0.05_lcred0.25_li0.10_tilt0.50_tau0.75_eta0.03,0.83025,1.2110364340482205,0.2233032890255846,-0.1840284764579353,2018-07-30,2018-07-30,block_phase
rolling,2023-10-31,2024-01-31,2020-10-28,2023-10-30,joint_a0.50_ls0.25_lcrowd0.05_lcred0.25_li0.25_tilt0.50_tau0.75_eta0.03,0.83025,0.9553415812793776,0.16434561849071572,-0.18653607633832225,2018-07-30,2018-07-30,block_phase
rolling,2024-02-01,2024-05-01,2021-01-29,2024-01-31,joint_a0.50_ls0.25_lcrowd0.05_lcred0.25_li0.25_tilt0.50_tau0.75_eta0.03,0.837,0.9372654693094812,0.1579656782098624,-0.18653607633832225,2018-07-30,2018-07-30,block_phase
rolling,2024-05-02,2024-08-01,2021-04-30,2024-05-01,joint_a0.50_ls0.25_lcrowd0.05_lcred0.25_li0.25_tilt0.50_tau0.75_eta0.03,0.841375,0.760003692553285,0.1218698453256486,-0.18653607633832325,2018-07-30,2018-07-30,block_phase
rolling,2024-08-02,2024-10-30,2021-07-30,2024-08-01,joint_a0.50_ls0.25_lcrowd0.05_lcred0.25_li0.25_tilt0.50_tau0.75_eta0.03,0.8483750000000001,0.8229464016962448,0.1332595279845017,-0.18653607633832237,2018-07-30,2018-07-30,block_phase
rolling,2024-10-31,2025-02-03,2021-10-28,2024-10-30,joint_a0.50_ls0.25_lcrowd0.05_lcred0.25_li0.25_tilt0.50_tau0.75_eta0.03,0.845125,0.8905946808762617,0.14819700643943756,-0.1865360763383216,2018-07-30,2018-07-30,block_phase
rolling,2025-02-04,2025-05-05,2022-01-28,2025-02-03,joint_a0.50_ls0.25_lcrowd0.05_lcred0.25_li0.25_tilt0.50_tau0.75_eta0.03,0.8383749999999999,0.9407650520748969,0.15746055856860464,-0.18653607633832237,2018-07-30,2018-07-30,block_phase
rolling,2025-05-06,2025-08-05,2022-04-29,2025-05-05,joint_a0.50_ls0.25_lcrowd0.05_lcred0.25_li0.50_tilt0.50_tau1.00_eta0.03,0.945875,0.7447698008795458,0.13000816027845374,-0.18416544661458278,2018-07-30,2018-07-30,block_phase
rolling,2025-08-06,2025-11-03,2022-08-01,2025-08-05,joint_a0.50_ls0.25_lcrowd0.05_lcred0.25_li0.50_tilt0.30_tau0.75_eta0.03,0.9566250000000001,1.0250904750624912,0.17641540696324043,-0.18720011515429025,2018-07-30,2018-07-30,block_phase
rolling,2025-11-04,2026-02-04,2022-10-28,2025-11-03,joint_a0.50_ls0.25_lcrowd0.05_lcred0.25_li0.50_tilt0.30_tau0.75_eta0.03,0.9643750000000001,1.4215018604969119,0.2388339181737935,-0.1872001151542907,2018-07-30,2018-07-30,block_phase
rolling,2026-02-05,2026-05-06,2023-01-31,2026-02-04,joint_a0.50_ls0.25_lcrowd0.05_lcred0.25_li0.50_tilt0.30_tau0.75_eta0.03,0.9605,1.4668681449456058,0.22793744016228867,-0.1872001151542907,2018-07-30,2018-07-30,block_phase
rolling,2026-05-07,2026-05-15,2023-05-02,2026-05-06,joint_a0.50_ls0.25_lcrowd0.05_lcred0.10_li0.50_tilt0.50_tau1.00_eta0.03,0.953375,1.560462558005014,0.2411010744039339,-0.1864060476143281,2018-07-30,2018-07-30,block_phase
rolling,2018-08-29,2018-11-27,2017-06-28,2018-08-28,joint_a0.50_ls0.50_lcrowd0.05_lcred0.10_li0.50_tilt0.30_tau1.00_eta0.03,0.8829999999999998,1.707868514577216,0.23173294826864055,-0.10002414931199333,2018-08-29,2018-08-29,block_phase
rolling,2018-11-28,2019-03-01,2017-06-28,2018-11-27,joint_a0.50_ls0.25_lcrowd0.05_lcred0.50_li0.50_tilt0.30_tau1.00_eta0.03,0.9275,0.9628599321345203,0.12813209244570434,-0.10036828773282802,2018-08-29,2018-08-29,block_phase
rolling,2019-03-04,2019-05-31,2017-06-28,2019-03-01,joint_a0.50_ls0.25_lcrowd0.05_lcred0.50_li0.50_tilt0.30_tau1.00_eta0.03,0.908,1.0065923937934431,0.1514450713319535,-0.19152314092457523,2018-08-29,2018-08-29,block_phase
rolling,2019-06-03,2019-08-29,2017-06-28,2019-05-31,joint_a0.50_ls0.25_lcrowd0.05_lcred0.50_li0.50_tilt0.30_tau0.75_eta0.03,0.8915000000000001,0.8653997826124653,0.12476008609420974,-0.19058276968441,2018-08-29,2018-08-29,block_phase
rolling,2019-08-30,2019-11-27,2017-06-28,2019-08-29,joint_a0.50_ls0.25_lcrowd0.05_lcred0.50_li0.50_tilt0.30_tau0.75_eta0.03,0.89825,0.9911075252862476,0.14855109114954246,-0.19058276968441,2018-08-29,2018-08-29,block_phase
rolling,2019-11-29,2020-03-02,2017-06-28,2019-11-27,joint_a0.50_ls0.25_lcrowd0.05_lcred0.50_li0.50_tilt0.30_tau1.00_eta0.03,0.9186250000000001,1.1395472642233493,0.17021534155895623,-0.19152314092457523,2018-08-29,2018-08-29,block_phase
rolling,2020-03-03,2020-06-01,2017-06-28,2020-03-02,joint_a0.50_ls0.25_lcrowd0.05_lcred0.50_li0.50_tilt0.30_tau1.00_eta0.03,0.936625,0.978368214523672,0.14704231744508411,-0.19152314092457523,2018-08-29,2018-08-29,block_phase
rolling,2020-06-02,2020-08-28,2017-06-28,2020-06-01,joint_a0.67_ls0.50_lcrowd0.05_lcred0.25_li0.50_tilt0.50_tau1.00_eta0.05,0.8109999999999999,0.7083427411517398,0.14635938616100597,-0.3180466098594189,2018-08-29,2018-08-29,block_phase
rolling,2020-08-31,2020-11-27,2017-08-29,2020-08-28,joint_a0.50_ls0.50_lcrowd0.05_lcred0.25_li0.50_tilt0.50_tau1.00_eta0.05,0.796375,0.9135287667594834,0.20425288513341155,-0.3201272039568296,2018-08-29,2018-08-29,block_phase
rolling,2020-11-30,2021-03-02,2017-11-28,2020-11-27,joint_a0.50_ls0.25_lcrowd0.05_lcred0.25_li0.50_tilt0.50_tau1.00_eta0.05,0.796625,0.8716306810560506,0.19813321039889886,-0.3194788030053112,2018-08-29,2018-08-29,block_phase
rolling,2021-03-03,2021-06-01,2018-03-01,2021-03-02,joint_a0.50_ls0.25_lcrowd0.05_lcred0.25_li0.10_tilt0.50_tau1.00_eta0.05,0.7995,0.933878226398439,0.2152511166402784,-0.3178081969682892,2018-08-29,2018-08-29,block_phase
rolling,2021-06-02,2021-08-30,2018-05-31,2021-06-01,joint_a0.50_ls0.50_lcrowd0.05_lcred0.10_li0.00_tilt0.50_tau0.75_eta0.05,0.802125,1.0475684506011727,0.24636284059747515,-0.3164660699515548,2018-08-29,2018-08-29,block_phase
rolling,2021-08-31,2021-11-29,2018-08-29,2021-08-30,joint_a0.67_ls0.25_lcrowd0.05_lcred0.25_li0.25_tilt0.50_tau1.00_eta0.05,0.802125,1.049445624199928,0.2469047487527496,-0.3165819133121184,2018-08-29,2018-08-29,block_phase
rolling,2021-11-30,2022-03-01,2018-11-28,2021-11-29,joint_a0.50_ls0.25_lcrowd0.05_lcred0.10_li0.00_tilt0.50_tau1.00_eta0.05,0.8128750000000002,1.1903946127478815,0.28578369206274257,-0.31615921060849606,2018-08-29,2018-08-29,block_phase
rolling,2022-03-02,2022-05-31,2019-03-04,2022-03-01,joint_a0.50_ls0.25_lcrowd0.05_lcred0.25_li0.10_tilt0.50_tau1.00_eta0.05,0.8003750000000001,1.070331444618906,0.24376491724017368,-0.3178081969682892,2018-08-29,2018-08-29,block_phase
rolling,2022-06-01,2022-08-30,2019-06-03,2022-05-31,joint_a0.67_ls0.25_lcrowd0.05_lcred0.25_li0.25_tilt0.50_tau1.00_eta0.05,0.803125,1.0948687854301138,0.2571267331606961,-0.3165819133121184,2018-08-29,2018-08-29,block_phase
rolling,2022-08-31,2022-11-29,2019-08-30,2022-08-30,joint_a0.50_ls0.25_lcrowd0.05_lcred0.25_li0.10_tilt0.50_tau1.00_eta0.05,0.804625,0.9031843904219943,0.2073081168340185,-0.31780819696828944,2018-08-29,2018-08-29,block_phase
rolling,2022-11-30,2023-03-02,2019-11-29,2022-11-29,joint_a0.67_ls0.25_lcrowd0.05_lcred0.25_li0.50_tilt0.50_tau0.75_eta0.05,0.8004999999999999,0.8132391721523663,0.18635112014877087,-0.31624653650357326,2018-08-29,2018-08-29,block_phase
rolling,2023-03-03,2023-06-01,2020-03-03,2023-03-02,joint_a0.50_ls0.25_lcrowd0.05_lcred0.10_li0.10_tilt0.50_tau0.75_eta0.05,0.807625,0.8699560562048919,0.20644383747536432,-0.25761547776505034,2018-08-29,2018-08-29,block_phase
rolling,2023-06-02,2023-08-31,2020-06-02,2023-06-01,joint_a0.50_ls0.25_lcrowd0.05_lcred0.25_li0.25_tilt0.50_tau0.75_eta0.03,0.8385,1.158202373898274,0.2205284461455279,-0.1865360763383226,2018-08-29,2018-08-29,block_phase
rolling,2023-09-01,2023-11-30,2020-08-31,2023-08-31,joint_a0.50_ls0.25_lcrowd0.05_lcred0.25_li0.25_tilt0.50_tau0.75_eta0.03,0.8252499999999999,1.0044410309535483,0.17909569727172814,-0.18653607633832214,2018-08-29,2018-08-29,block_phase
rolling,2023-12-01,2024-03-04,2020-11-30,2023-11-30,joint_a0.50_ls0.25_lcrowd0.05_lcred0.25_li0.25_tilt0.50_tau0.75_eta0.03,0.833375,0.9208888207352659,0.15483638888624496,-0.18653607633832248,2018-08-29,2018-08-29,block_phase
rolling,2024-03-05,2024-06-03,2021-03-03,2024-03-04,joint_a0.50_ls0.25_lcrowd0.05_lcred0.25_li0.25_tilt0.50_tau0.75_eta0.03,0.8383749999999999,0.9610172724953266,0.1614627756775029,-0.1865360763383218,2018-08-29,2018-08-29,block_phase
rolling,2024-06-04,2024-09-03,2021-06-02,2024-06-03,joint_a0.50_ls0.25_lcrowd0.05_lcred0.25_li0.25_tilt0.50_tau0.75_eta0.03,0.840625,0.821637845102118,0.1331874128040489,-0.18653607633832303,2018-08-29,2018-08-29,block_phase
rolling,2024-09-04,2024-12-02,2021-08-31,2024-09-03,joint_a0.50_ls0.50_lcrowd0.05_lcred0.25_li0.25_tilt0.50_tau0.75_eta0.03,0.85225,0.7684917636597975,0.12313441277560555,-0.1905378376136463,2018-08-29,2018-08-29,block_phase
rolling,2024-12-03,2025-03-06,2021-11-30,2024-12-02,joint_a0.50_ls0.25_lcrowd0.05_lcred0.25_li0.25_tilt0.50_tau0.75_eta0.03,0.844875,0.932719221503073,0.15686837360091044,-0.18653607633832192,2018-08-29,2018-08-29,block_phase
rolling,2025-03-07,2025-06-05,2022-03-02,2025-03-06,joint_a0.50_ls0.25_lcrowd0.05_lcred0.25_li0.25_tilt0.50_tau0.75_eta0.03,0.844,0.8826911556285101,0.14493331340607307,-0.18653607633832214,2018-08-29,2018-08-29,block_phase
rolling,2025-06-06,2025-09-05,2022-06-01,2025-06-05,joint_a0.50_ls0.25_lcrowd0.05_lcred0.25_li0.50_tilt0.30_tau0.75_eta0.03,0.9516249999999999,0.8630846349523416,0.1512054418622104,-0.1872001151542908,2018-08-29,2018-08-29,block_phase
rolling,2025-09-08,2025-12-04,2022-08-31,2025-09-05,joint_a0.50_ls0.25_lcrowd0.05_lcred0.25_li0.50_tilt0.50_tau1.00_eta0.03,0.9496249999999999,1.2036008657652428,0.20871569293811332,-0.18416544661458267,2018-08-29,2018-08-29,block_phase
rolling,2025-12-05,2026-03-09,2022-11-30,2025-12-04,joint_a0.50_ls0.25_lcrowd0.05_lcred0.25_li0.50_tilt0.30_tau0.75_eta0.03,0.966625,1.3970933925642168,0.22552627428004834,-0.18720011515429003,2018-08-29,2018-08-29,block_phase
rolling,2026-03-10,2026-05-15,2023-03-03,2026-03-09,joint_a0.50_ls0.25_lcrowd0.05_lcred0.25_li0.50_tilt0.30_tau0.75_eta0.03,0.9637500000000001,1.466107464334182,0.22562686026548007,-0.1872001151542907,2018-08-29,2018-08-29,block_phase
rolling,2018-09-28,2018-12-28,2017-06-28,2018-09-27,joint_a0.50_ls0.50_lcrowd0.05_lcred0.10_li0.50_tilt0.30_tau1.00_eta0.03,0.8881249999999999,1.6604997999471443,0.21848794139819327,-0.10002414931199333,2018-09-28,2018-09-28,block_phase
rolling,2018-12-31,2019-04-01,2017-06-28,2018-12-28,joint_a0.50_ls0.25_lcrowd0.05_lcred0.50_li0.50_tilt0.30_tau1.00_eta0.03,0.922625,0.517233446531358,0.06844753708932316,-0.19152314092457523,2018-09-28,2018-09-28,block_phase
rolling,2019-04-02,2019-07-01,2017-06-28,2019-04-01,joint_a0.50_ls0.25_lcrowd0.05_lcred0.50_li0.50_tilt0.30_tau0.75_eta0.03,0.89825,1.1057800062181178,0.16764541318560333,-0.19058276968441,2018-09-28,2018-09-28,block_phase
rolling,2019-07-02,2019-09-30,2017-06-28,2019-07-01,joint_a0.50_ls0.25_lcrowd0.05_lcred0.50_li0.50_tilt0.30_tau0.75_eta0.03,0.892,1.1154287505646203,0.16682935497093054,-0.19058276968441,2018-09-28,2018-09-28,block_phase
rolling,2019-10-01,2019-12-30,2017-06-28,2019-09-30,joint_a0.50_ls0.25_lcrowd0.05_lcred0.50_li0.50_tilt0.30_tau1.00_eta0.03,0.9088750000000001,1.0077433151827897,0.15019010351266115,-0.19152314092457523,2018-09-28,2018-09-28,block_phase
rolling,2019-12-31,2020-03-31,2017-06-28,2019-12-30,joint_a0.50_ls0.25_lcrowd0.05_lcred0.50_li0.50_tilt0.30_tau1.00_eta0.03,0.9225,1.18046328445311,0.17514668306710957,-0.19152314092457523,2018-09-28,2018-09-28,block_phase
rolling,2020-04-01,2020-06-30,2017-06-28,2020-03-31,joint_a0.50_ls0.50_lcrowd0.05_lcred0.25_li0.50_tilt0.50_tau1.00_eta0.05,0.7998749999999999,0.45506784670239786,0.07916531690832862,-0.32012720395683003,2018-09-28,2018-09-28,block_phase
rolling,2020-07-01,2020-09-29,2017-06-29,2020-06-30,joint_a0.50_ls0.50_lcrowd0.05_lcred0.25_li0.50_tilt0.50_tau1.00_eta0.05,0.806125,0.7407352423055804,0.15585867048582225,-0.3201272039568299,2018-09-28,2018-09-28,block_phase
rolling,2020-09-30,2020-12-29,2017-09-28,2020-09-29,joint_a0.50_ls0.25_lcrowd0.05_lcred0.25_li0.50_tilt0.50_tau1.00_eta0.05,0.8006249999999999,0.8007784315101283,0.17518370320008003,-0.3194788030053114,2018-09-28,2018-09-28,block_phase
rolling,2020-12-30,2021-03-31,2017-12-28,2020-12-29,joint_a0.50_ls0.25_lcrowd0.05_lcred0.25_li0.50_tilt0.50_tau1.00_eta0.05,0.7917499999999998,0.876575273679033,0.1997299674110442,-0.3194788030053114,2018-09-28,2018-09-28,block_phase
rolling,2021-04-01,2021-06-30,2018-04-02,2021-03-31,joint_a0.50_ls0.25_lcrowd0.05_lcred0.25_li0.10_tilt0.50_tau1.00_eta0.05,0.799,1.0588638260753396,0.25076479665737383,-0.3178081969682893,2018-09-28,2018-09-28,block_phase
rolling,2021-07-01,2021-09-29,2018-06-29,2021-06-30,joint_a0.67_ls0.25_lcrowd0.05_lcred0.25_li0.25_tilt0.50_tau1.00_eta0.05,0.8018750000000001,1.0809733126754517,0.2560418654889154,-0.3165819133121184,2018-09-28,2018-09-28,block_phase
rolling,2021-09-30,2021-12-29,2018-09-28,2021-09-29,joint_a0.67_ls0.25_lcrowd0.05_lcred0.25_li0.25_tilt0.50_tau1.00_eta0.05,0.8012500000000001,1.0031936615815242,0.23389862562464958,-0.31658191331211816,2018-09-28,2018-09-28,block_phase
rolling,2021-12-30,2022-03-30,2018-12-31,2021-12-29,joint_a0.50_ls0.25_lcrowd0.05_lcred0.25_li0.10_tilt0.50_tau1.00_eta0.05,0.805875,1.3709096677420443,0.3332851723621455,-0.3178081969682893,2018-09-28,2018-09-28,block_phase
rolling,2022-03-31,2022-06-30,2019-04-02,2022-03-30,joint_a0.50_ls0.25_lcrowd0.05_lcred0.25_li0.10_tilt0.50_tau1.00_eta0.05,0.805875,1.1098838709299417,0.25608749261366937,-0.317808196968289,2018-09-28,2018-09-28,block_phase
rolling,2022-07-01,2022-09-29,2019-07-02,2022-06-30,joint_a0.67_ls0.25_lcrowd0.05_lcred0.25_li0.25_tilt0.50_tau1.00_eta0.05,0.8018750000000001,0.8242965217807633,0.18269474484852344,-0.3165819133121187,2018-09-28,2018-09-28,block_phase
rolling,2022-09-30,2022-12-29,2019-10-01,2022-09-29,joint_a0.50_ls0.25_lcrowd0.05_lcred0.25_li0.10_tilt0.50_tau1.00_eta0.05,0.8035,0.7451342803937527,0.16391785200416953,-0.3178081969682889,2018-09-28,2018-09-28,block_phase
rolling,2022-12-30,2023-03-31,2019-12-31,2022-12-29,joint_a0.67_ls0.25_lcrowd0.05_lcred0.25_li0.50_tilt0.50_tau0.75_eta0.05,0.8,0.7227369150637662,0.1617019131043318,-0.31624653650357304,2018-09-28,2018-09-28,block_phase
rolling,2023-04-03,2023-07-03,2020-04-01,2023-03-31,joint_a0.50_ls0.25_lcrowd0.05_lcred0.25_li0.10_tilt0.50_tau0.75_eta0.03,0.8282499999999999,1.3627318080105868,0.2873700191412305,-0.18402847645793485,2018-09-28,2018-09-28,block_phase
rolling,2023-07-05,2023-10-02,2020-07-01,2023-07-03,joint_a0.50_ls0.25_lcrowd0.05_lcred0.25_li0.10_tilt0.50_tau0.75_eta0.03,0.8323750000000001,1.2152518641117165,0.22623520393148255,-0.18402847645793463,2018-09-28,2018-09-28,block_phase
rolling,2023-10-03,2024-01-02,2020-09-30,2023-10-02,joint_a0.50_ls0.25_lcrowd0.05_lcred0.25_li0.25_tilt0.50_tau0.75_eta0.03,0.8296250000000001,1.029685621164666,0.18043272266789634,-0.18653607633832225,2018-09-28,2018-09-28,block_phase
rolling,2024-01-03,2024-04-03,2020-12-30,2024-01-02,joint_a0.50_ls0.50_lcrowd0.05_lcred0.10_li0.25_tilt0.50_tau0.75_eta0.03,0.849,0.936529073633635,0.15715922590419007,-0.19023146215230535,2018-09-28,2018-09-28,block_phase
rolling,2024-04-04,2024-07-03,2021-04-01,2024-04-03,joint_a0.50_ls0.25_lcrowd0.05_lcred0.25_li0.25_tilt0.50_tau0.75_eta0.03,0.8397499999999999,0.9178425341993902,0.15200559415048742,-0.18653607633832292,2018-09-28,2018-09-28,block_phase
rolling,2024-07-05,2024-10-02,2021-07-01,2024-07-03,joint_a0.50_ls0.25_lcrowd0.05_lcred0.25_li0.25_tilt0.50_tau0.75_eta0.03,0.8352499999999999,0.8379280606659456,0.13595952289258073,-0.18653607633832237,2018-09-28,2018-09-28,block_phase
rolling,2024-10-03,2025-01-02,2021-09-30,2024-10-02,joint_a0.50_ls0.25_lcrowd0.05_lcred0.25_li0.25_tilt0.50_tau0.75_eta0.03,0.844,0.9157806597066827,0.1536267492604202,-0.1865360763383227,2018-09-28,2018-09-28,block_phase
rolling,2025-01-03,2025-04-04,2021-12-30,2025-01-02,joint_a0.50_ls0.25_lcrowd0.05_lcred0.25_li0.25_tilt0.50_tau0.75_eta0.03,0.8462500000000001,0.7851227697177111,0.1272574646387985,-0.18653607633832248,2018-09-28,2018-09-28,block_phase
rolling,2025-04-07,2025-07-08,2022-03-31,2025-04-04,joint_a0.50_ls0.50_lcrowd0.05_lcred0.25_li0.25_tilt0.50_tau0.75_eta0.03,0.89,0.4632153733655815,0.06737945345600216,-0.180882073036858,2018-09-28,2018-09-28,block_phase
rolling,2025-07-09,2025-10-06,2022-07-01,2025-07-08,joint_a0.50_ls0.25_lcrowd0.05_lcred0.25_li0.50_tilt0.30_tau0.75_eta0.03,0.952375,1.1781268761072958,0.21133733921646192,-0.18720011515429058,2018-09-28,2018-09-28,block_phase
rolling,2025-10-07,2026-01-06,2022-09-30,2025-10-06,joint_a0.50_ls0.25_lcrowd0.05_lcred0.25_li0.50_tilt0.50_tau1.00_eta0.03,0.952,1.505373553913618,0.26321315599643413,-0.18416544661458267,2018-09-28,2018-09-28,block_phase
rolling,2026-01-07,2026-04-08,2022-12-30,2026-01-06,joint_a0.50_ls0.25_lcrowd0.05_lcred0.25_li0.50_tilt0.50_tau1.00_eta0.03,0.96075,1.5908221559333648,0.2530856170546334,-0.18416544661458267,2018-09-28,2018-09-28,block_phase
rolling,2026-04-09,2026-05-15,2023-04-03,2026-04-08,joint_a0.50_ls0.25_lcrowd0.05_lcred0.10_li0.50_tilt0.30_tau0.75_eta0.03,0.961,1.357218751190341,0.20732539473865574,-0.1888038983283672,2018-09-28,2018-09-28,block_phase
rolling,2018-10-29,2019-01-30,2017-06-28,2018-10-26,joint_a0.50_ls0.50_lcrowd0.05_lcred0.25_li0.50_tilt0.30_tau1.00_eta0.03,0.871875,0.9707542578791517,0.12735749741741653,-0.10015124185858693,2018-10-29,2018-10-29,block_phase
rolling,2019-01-31,2019-05-01,2017-06-28,2019-01-30,joint_a0.50_ls0.25_lcrowd0.05_lcred0.50_li0.50_tilt0.30_tau1.00_eta0.03,0.921625,0.8077050128617902,0.1191464635432875,-0.19152314092457523,2018-10-29,2018-10-29,block_phase
rolling,2019-05-02,2019-07-31,2017-06-28,2019-05-01,joint_a0.50_ls0.25_lcrowd0.05_lcred0.50_li0.50_tilt0.30_tau0.75_eta0.03,0.8952500000000001,1.1757477167127433,0.1764316479618342,-0.19058276968441,2018-10-29,2018-10-29,block_phase
rolling,2019-08-01,2019-10-29,2017-06-28,2019-07-31,joint_a0.50_ls0.25_lcrowd0.05_lcred0.50_li0.50_tilt0.30_tau0.75_eta0.03,0.8979999999999999,1.1207423051051277,0.16558419474458796,-0.19058276968441,2018-10-29,2018-10-29,block_phase
rolling,2019-10-30,2020-01-30,2017-06-28,2019-10-29,joint_a0.50_ls0.25_lcrowd0.05_lcred0.50_li0.50_tilt0.30_tau1.00_eta0.03,0.9092500000000001,1.0488751454701029,0.15690302399670042,-0.19152314092457523,2018-10-29,2018-10-29,block_phase
rolling,2020-01-31,2020-04-30,2017-06-28,2020-01-30,joint_a0.50_ls0.25_lcrowd0.05_lcred0.50_li0.50_tilt0.30_tau1.00_eta0.03,0.9397500000000001,1.2106027337482648,0.17884900839495255,-0.19152314092457523,2018-10-29,2018-10-29,block_phase
rolling,2020-05-01,2020-07-30,2017-06-28,2020-04-30,joint_a0.50_ls0.50_lcrowd0.05_lcred0.25_li0.50_tilt0.50_tau1.00_eta0.05,0.805375,0.6374995287901818,0.12799625884402666,-0.32012720395683003,2018-10-29,2018-10-29,block_phase
rolling,2020-07-31,2020-10-28,2017-07-31,2020-07-30,joint_a0.50_ls0.25_lcrowd0.05_lcred0.25_li0.50_tilt0.50_tau1.00_eta0.05,0.80425,0.7809589525478297,0.16757096873078892,-0.3194788030053113,2018-10-29,2018-10-29,block_phase
rolling,2020-10-29,2021-01-29,2017-10-27,2020-10-28,joint_a0.50_ls0.50_lcrowd0.05_lcred0.25_li0.50_tilt0.50_tau1.00_eta0.05,0.798375,0.7297784840450131,0.15669077833062017,-0.32012720395683003,2018-10-29,2018-10-29,block_phase
rolling,2021-02-01,2021-04-30,2018-01-30,2021-01-29,joint_a0.50_ls0.25_lcrowd0.05_lcred0.25_li0.50_tilt0.50_tau1.00_eta0.05,0.793625,0.78942466765447,0.17519624926920008,-0.3194788030053114,2018-10-29,2018-10-29,block_phase
rolling,2021-05-03,2021-07-30,2018-05-01,2021-04-30,joint_a0.50_ls0.25_lcrowd0.05_lcred0.25_li0.10_tilt0.50_tau1.00_eta0.05,0.799625,1.1046982125322822,0.26264895624953066,-0.3178081969682891,2018-10-29,2018-10-29,block_phase
rolling,2021-08-02,2021-10-28,2018-07-31,2021-07-30,joint_a0.67_ls0.25_lcrowd0.05_lcred0.25_li0.10_tilt0.50_tau1.00_eta0.05,0.80175,1.0748447389005311,0.25442399429398255,-0.31675751201708224,2018-10-29,2018-10-29,block_phase
rolling,2021-10-29,2022-01-28,2018-10-29,2021-10-28,joint_a0.67_ls0.25_lcrowd0.05_lcred0.25_li0.25_tilt0.50_tau1.00_eta0.05,0.80275,1.1854886583548419,0.28638799786476365,-0.3165819133121185,2018-10-29,2018-10-29,block_phase
rolling,2022-01-31,2022-04-29,2019-01-31,2022-01-28,joint_a0.50_ls0.25_lcrowd0.05_lcred0.25_li0.10_tilt0.50_tau1.00_eta0.05,0.8029999999999999,1.1929384116967023,0.2771296346941081,-0.3178081969682891,2018-10-29,2018-10-29,block_phase
rolling,2022-05-02,2022-08-01,2019-05-02,2022-04-29,joint_a0.67_ls0.25_lcrowd0.05_lcred0.25_li0.25_tilt0.50_tau1.00_eta0.05,0.8025,0.9497861266129368,0.2131547762299444,-0.31658191331211816,2018-10-29,2018-10-29,block_phase
rolling,2022-08-02,2022-10-28,2019-08-01,2022-08-01,joint_a0.50_ls0.25_lcrowd0.05_lcred0.25_li0.10_tilt0.50_tau1.00_eta0.05,0.805875,0.9334854747655542,0.21629585069205914,-0.317808196968289,2018-10-29,2018-10-29,block_phase
rolling,2022-10-31,2023-01-31,2019-10-30,2022-10-28,joint_a0.50_ls0.25_lcrowd0.05_lcred0.25_li0.25_tilt0.50_tau0.75_eta0.05,0.7994999999999999,0.835905049146349,0.19216294220953856,-0.31739564894403804,2018-10-29,2018-10-29,block_phase
rolling,2023-02-01,2023-05-02,2020-01-31,2023-01-31,joint_a0.50_ls0.25_lcrowd0.05_lcred0.10_li0.10_tilt0.50_tau0.75_eta0.05,0.80625,0.7958346839770517,0.18618958149127796,-0.3159193982787646,2018-10-29,2018-10-29,block_phase
rolling,2023-05-03,2023-08-02,2020-05-01,2023-05-02,joint_a0.50_ls0.25_lcrowd0.05_lcred0.25_li0.25_tilt0.50_tau0.75_eta0.03,0.836125,1.1916637244385855,0.23043627249345433,-0.18653607633832248,2018-10-29,2018-10-29,block_phase
rolling,2023-08-03,2023-10-31,2020-07-31,2023-08-02,joint_a0.50_ls0.25_lcrowd0.05_lcred0.25_li0.10_tilt0.50_tau0.75_eta0.03,0.82925,1.1846959428078263,0.21772004360887465,-0.1840284764579352,2018-10-29,2018-10-29,block_phase
rolling,2023-11-01,2024-02-01,2020-10-29,2023-10-31,joint_a0.50_ls0.25_lcrowd0.05_lcred0.25_li0.25_tilt0.50_tau0.75_eta0.03,0.8306250000000001,1.036633809518002,0.18000948144544537,-0.18653607633832137,2018-10-29,2018-10-29,block_phase
rolling,2024-02-02,2024-05-02,2021-02-01,2024-02-01,joint_a0.50_ls0.25_lcrowd0.05_lcred0.25_li0.25_tilt0.50_tau0.75_eta0.03,0.83675,0.9969157582451368,0.1696219656896525,-0.18653607633832248,2018-10-29,2018-10-29,block_phase
rolling,2024-05-03,2024-08-02,2021-05-03,2024-05-02,joint_a0.50_ls0.25_lcrowd0.05_lcred0.25_li0.25_tilt0.50_tau0.75_eta0.03,0.841375,0.7897078421520389,0.1275473563167253,-0.18653607633832214,2018-10-29,2018-10-29,block_phase
rolling,2024-08-05,2024-10-31,2021-08-02,2024-08-02,joint_a0.50_ls0.25_lcrowd0.05_lcred0.25_li0.25_tilt0.50_tau0.75_eta0.03,0.8487500000000001,0.7953883033481843,0.1281926926115533,-0.1865360763383227,2018-10-29,2018-10-29,block_phase
rolling,2024-11-01,2025-02-04,2021-10-29,2024-10-31,joint_a0.50_ls0.25_lcrowd0.05_lcred0.25_li0.25_tilt0.50_tau0.75_eta0.03,0.8450000000000001,0.8476346746864224,0.13981172863627278,-0.18653607633832248,2018-10-29,2018-10-29,block_phase
rolling,2025-02-05,2025-05-06,2022-01-31,2025-02-04,joint_a0.50_ls0.25_lcrowd0.05_lcred0.25_li0.25_tilt0.50_tau0.75_eta0.03,0.8385,0.9176918246087656,0.1526758079570516,-0.1865360763383236,2018-10-29,2018-10-29,block_phase
rolling,2025-05-07,2025-08-06,2022-05-02,2025-05-06,joint_a0.50_ls0.25_lcrowd0.05_lcred0.25_li0.50_tilt0.50_tau1.00_eta0.03,0.9478750000000001,0.794193512613616,0.13988049356634047,-0.18416544661458278,2018-10-29,2018-10-29,block_phase
rolling,2025-08-07,2025-11-04,2022-08-02,2025-08-06,joint_a0.50_ls0.25_lcrowd0.05_lcred0.25_li0.50_tilt0.30_tau0.75_eta0.03,0.9564999999999999,1.0390565269552843,0.17927342525556234,-0.1872001151542907,2018-10-29,2018-10-29,block_phase
rolling,2025-11-05,2026-02-05,2022-10-31,2025-11-04,joint_a0.50_ls0.25_lcrowd0.05_lcred0.25_li0.50_tilt0.30_tau0.75_eta0.03,0.9616250000000001,1.3489704592059943,0.22391982604565586,-0.1872001151542907,2018-10-29,2018-10-29,block_phase
rolling,2026-02-06,2026-05-07,2023-02-01,2026-02-05,joint_a0.50_ls0.25_lcrowd0.05_lcred0.25_li0.50_tilt0.30_tau0.75_eta0.03,0.960625,1.4136499499580049,0.21822113730685766,-0.18720011515429014,2018-10-29,2018-10-29,block_phase
rolling,2026-05-08,2026-05-15,2023-05-03,2026-05-07,joint_a0.50_ls0.25_lcrowd0.05_lcred0.10_li0.50_tilt0.50_tau1.00_eta0.03,0.95325,1.581525760366412,0.24459015916844806,-0.1864060476143281,2018-10-29,2018-10-29,block_phase
